fatality,injury,latitude,longitude,permit_count,unique_job_types,unique_work_types,residential_any,temperature,rainfall,wind_speed,weighted_fatality_index,is_repeat_site,day_incident_pct,borough_Brooklyn,borough_Manhattan,borough_Queens,borough_Staten Island,check2 description_Material Failure (Fell),check2 description_Mechanical Construction Equipment,check2 description_Other Construction Related,check2 description_Scaffold/Shoring Installations,check2 description_Struck By,check2 description_Worker Fell,record type description_Incident,record type description_Not DOB Jurisdiction,record type description_Notification
0,0,40.689238,-73.981765,3,3,3,1,18,1,12,0,0,17,1,0,0,0,0,0,1,0,0,0,1,0,0
1,2,40.63278517330147,-74.11313529209056,21,7,4,0,15,24,11,2,1,17,0,0,0,0,1,0,0,0,0,0,0,0,0
0,1,40.689356,-73.978567,27,27,27,1,18,0,14,0,1,17,1,0,0,0,0,0,0,0,0,1,0,0,0
0,0,40.722869,-73.855793,4,4,4,0,27,0,12,0,0,18,0,0,1,0,0,0,1,0,0,0,1,0,0
1,2,40.786907154397454,-74.1858308799045,32,4,5,0,21,0,36,2,1,18,0,0,0,0,0,0,0,0,1,0,0,0,0
1,2,40.64691830775367,-73.81303632139209,40,5,6,1,9,1,23,2,1,18,0,1,0,0,0,0,1,0,0,0,0,0,0
0,1,40.753979,-73.979997,40,40,40,0,11,0,27,0,0,18,0,1,0,0,0,0,0,0,0,1,0,0,0
0,0,40.722869,-73.855793,1,1,1,1,22,0,11,0,0,2,0,0,1,0,0,0,1,0,0,0,1,0,0
0,1,40.772885,-73.979865,39,39,39,1,3,0,22,0,1,17,0,1,0,0,0,0,1,0,0,0,0,0,0
0,1,40.678428,-73.98975,8,8,8,1,27,0,32,0,1,18,1,0,0,0,0,0,1,0,0,0,0,0,0
1,2,40.8894467412644,-73.80712872902637,8,4,6,0,11,0,16,2,1,18,0,0,1,0,0,0,0,0,0,1,0,0,0
0,1,40.696176,-73.916696,3,3,3,1,7,0,22,0,1,19,1,0,0,0,0,0,1,0,0,0,0,0,0
0,1,40.689883,-73.979793,15,15,15,0,21,0,19,0,1,18,1,0,0,0,1,0,0,0,0,0,0,0,0
0,0,40.732624,-73.996092,14,14,14,1,-4,0,29,0,1,19,0,1,0,0,0,0,0,1,0,0,1,0,0
0,2,40.714055,-74.011612,45,45,45,0,15,6,26,1,0,18,0,1,0,0,0,1,0,0,0,0,0,0,0
0,0,40.665854,-73.988173,1,1,1,0,13,0,20,0,0,17,1,0,0,0,0,1,0,0,0,0,1,0,0
0,0,40.689356,-73.978567,27,27,27,1,15,5,23,0,1,17,1,0,0,0,0,1,0,0,0,0,1,0,0
0,0,40.867472,-73.895959,21,21,21,1,22,0,15,0,0,19,0,0,0,0,0,1,0,0,0,0,1,0,0
0,0,40.639345,-73.987612,1,1,1,0,7,0,18,0,0,2,1,0,0,0,0,0,1,0,0,0,1,0,0
0,1,40.765045,-73.996552,14,14,14,0,17,0,17,0,1,17,0,1,0,0,0,0,1,0,0,0,0,0,0
0,1,40.822396,-73.916801,6,6,6,1,16,4,25,0,0,19,0,0,0,0,0,0,0,0,0,1,0,0,0
0,1,40.735687,-73.859814,4,4,4,0,22,0,27,0,1,18,0,0,1,0,0,0,0,0,0,1,0,0,0
0,1,40.820236,-73.929612,42,42,42,1,2,0,20,0,1,19,0,0,0,0,0,1,0,0,0,0,0,0,0
0,1,40.863599,-73.916537,6,6,6,1,22,0,22,0,1,18,0,1,0,0,0,0,0,0,0,1,0,0,0
0,0,40.757809,-73.861717,1,1,1,0,20,0,16,0,0,17,0,0,1,0,0,0,1,0,0,0,1,0,0
1,2,40.61057217543124,-73.78615142382598,34,4,5,1,18,2,21,2,1,17,0,0,0,1,1,0,0,0,0,0,0,0,0
0,0,40.723301,-73.960597,2,2,2,0,-2,3,19,0,0,3,1,0,0,0,1,0,0,0,0,0,1,0,0
0,1,40.733824,-73.97734,29,29,29,1,-6,0,18,0,1,18,0,1,0,0,0,1,0,0,0,0,0,0,0
0,1,40.692552,-74.016281,14,14,14,1,15,6,26,0,1,18,0,1,0,0,0,0,0,0,0,1,0,0,0
0,1,40.71299,-73.994939,4,4,4,1,7,0,34,0,1,18,0,1,0,0,0,0,0,0,0,1,0,0,0
1,1,40.7477930416181,-74.10497450857747,11,3,1,1,21,0,25,1,1,19,0,1,0,0,0,0,0,0,0,1,0,0,0
0,1,40.762495,-73.975193,147,147,147,0,13,0,24,0,0,3,0,1,0,0,1,0,0,0,0,0,0,0,0
1,2,40.59072941415254,-74.10865929850833,24,2,6,0,13,6,11,2,1,18,0,0,0,1,0,0,1,0,0,0,0,0,0
0,1,40.709639,-74.008325,45,45,45,1,16,0,14,0,0,18,0,1,0,0,0,0,1,0,0,0,0,0,0
0,0,40.719298,-73.957092,1,1,1,1,22,0,17,0,1,2,1,0,0,0,0,0,1,0,0,0,1,0,0
0,1,40.861175,-73.908825,4,4,4,0,24,16,44,0,1,18,0,0,0,0,0,0,1,0,0,0,0,0,0
0,1,40.708974,-73.941524,1,1,1,1,18,11,15,0,1,18,1,0,0,0,0,1,0,0,0,0,0,0,0
0,1,40.697107,-73.805657,5,5,5,0,8,0,20,0,0,18,0,0,1,0,0,0,0,0,0,1,0,0,0
1,0,40.75931229190797,-73.99715488687123,39,9,5,0,16,0,20,1,1,18,0,1,0,0,0,0,0,0,1,0,0,0,0
0,1,40.726245,-73.958095,2,2,2,0,0,0,10,0,1,17,1,0,0,0,0,0,0,0,0,1,0,0,0
0,1,40.711095,-73.941645,3,3,3,0,7,18,22,0,0,17,1,0,0,0,1,0,0,0,0,0,0,0,0
1,0,40.65699007402953,-74.04612349798319,49,3,6,1,1,3,22,1,1,19,0,0,0,1,1,0,0,0,0,0,0,0,0
0,1,40.704275,-74.008681,56,56,56,0,22,0,11,0,1,18,0,1,0,0,0,0,1,0,0,0,0,0,0
1,0,40.64272378932715,-73.91079227924531,14,5,3,0,30,10,22,1,1,18,0,0,0,0,0,0,0,0,0,1,0,0,0
0,1,40.693039,-73.909199,1,1,1,1,2,0,25,0,1,19,1,0,0,0,0,0,1,0,0,0,0,0,0
1,0,40.86703772469118,-74.0120747331984,44,3,6,1,1,0,21,1,1,18,1,0,0,0,0,0,1,0,0,0,0,0,0
0,1,40.712706,-73.967694,1,1,1,1,1,0,27,0,1,3,1,0,0,0,0,0,1,0,0,0,0,0,0
0,1,40.681608,-73.980192,1,1,1,0,34,0,15,0,0,17,1,0,0,0,0,0,1,0,0,0,0,0,0
0,1,40.84309,-73.923798,1,1,1,1,8,0,11,0,1,19,0,0,0,0,0,1,0,0,0,0,0,0,0
0,0,40.69798,-73.926326,2,2,2,0,12,0,23,0,0,19,1,0,0,0,0,0,0,1,0,0,1,0,0
0,1,40.755641,-73.975109,92,92,92,0,0,0,17,0,1,19,0,1,0,0,1,0,0,0,0,0,0,0,0
0,1,40.759812,-73.969957,2,2,2,0,12,0,16,0,1,18,0,1,0,0,1,0,0,0,0,0,0,0,0
0,1,40.735687,-73.859814,4,4,4,0,9,0,15,0,1,19,0,0,1,0,0,0,0,0,0,1,0,0,0
1,1,40.679770963949096,-73.81081806114933,13,2,3,0,7,1,30,1,1,19,0,1,0,0,0,0,0,0,0,1,0,0,0
1,2,40.64040757259824,-74.22892450471417,33,4,1,1,15,5,18,2,1,18,0,0,1,0,0,0,1,0,0,0,0,0,0
1,2,40.5797280927538,-73.85508329728478,47,1,6,1,27,2,27,2,1,19,0,0,0,0,0,0,0,0,0,1,0,0,0
0,1,40.748545,-73.970799,39,39,39,1,-3,0,11,0,0,19,0,1,0,0,0,1,0,0,0,0,0,0,0
0,0,40.751762,-73.98657,5,5,5,0,-1,1,10,0,1,17,0,1,0,0,0,0,1,0,0,0,1,0,0
0,1,40.671537,-73.907191,1,1,1,1,0,0,20,0,1,18,1,0,0,0,0,0,0,0,0,1,0,0,0
0,1,40.761118,-73.969609,5,5,5,0,-2,2,17,0,0,18,0,1,0,0,0,1,0,0,0,0,0,0,0
0,1,40.773911,-73.981334,37,37,37,0,4,0,16,0,1,17,0,1,0,0,0,0,1,0,0,0,0,0,1
0,1,40.808523,-73.947278,1,1,1,0,0,0,10,0,0,19,0,1,0,0,0,0,0,0,0,1,0,0,0
0,1,40.791797,-73.948703,9,9,9,0,10,0,18,0,0,18,0,1,0,0,0,1,0,0,0,0,0,0,0
0,0,40.639699,-73.996818,4,4,4,1,0,0,31,0,0,18,1,0,0,0,0,0,0,1,0,0,1,0,0
0,1,40.672347,-73.946733,14,14,14,1,12,0,26,0,1,19,1,0,0,0,1,0,0,0,0,0,0,0,0
0,4,40.63427,-74.010848,6,6,6,1,9,0,23,2,1,17,1,0,0,0,0,0,0,0,0,1,0,0,0
0,1,40.841827,-73.842073,6,6,6,1,17,0,15,0,1,17,0,0,0,0,0,0,1,0,0,0,0,0,0
1,1,40.82871639808554,-73.9685108674923,24,6,4,0,15,1,22,1,1,19,1,0,0,0,1,0,0,0,0,0,0,0,0
0,1,40.578698,-73.83655,8,8,8,0,26,3,13,0,1,19,0,0,1,0,0,0,0,0,0,1,0,0,0
0,1,40.780061,-73.901942,16,16,16,0,-2,0,12,0,1,17,0,0,1,0,0,0,0,0,0,1,0,0,0
1,2,40.84808757297504,-74.18500346894864,9,1,8,1,20,1,7,2,1,17,0,1,0,0,1,0,0,0,0,0,0,0,0
1,0,40.75347451456751,-73.81782183164367,17,1,4,1,14,1,16,1,1,18,0,0,1,0,0,0,0,0,1,0,0,0,0
0,1,40.721627,-73.984307,1,1,1,1,0,0,28,0,1,19,0,1,0,0,0,0,1,0,0,0,0,0,0
1,2,40.5233172358549,-74.05891508082033,1,1,4,0,13,3,18,2,1,18,0,0,0,0,0,0,0,0,0,1,0,0,0
0,1,40.705427,-73.951825,2,2,2,0,19,0,22,0,1,19,1,0,0,0,0,0,0,0,0,1,0,0,0
0,1,40.825678,-73.948637,1,1,1,1,32,0,8,0,0,17,0,1,0,0,0,0,0,0,0,1,0,0,0
0,1,40.741194,-73.953794,9,7,7,0,-1,0,28,0,0,18,0,0,1,0,0,0,0,0,0,1,0,0,0
0,1,40.689985,-73.98254,62,62,62,1,0,0,17,0,1,17,1,0,0,0,0,0,1,0,0,0,0,0,0
0,1,40.778633,-73.962546,108,108,108,0,4,0,14,0,1,17,0,1,0,0,0,0,1,0,0,0,0,0,0
0,1,40.777826,-73.961041,6,6,6,0,-6,0,23,0,0,18,0,1,0,0,1,0,0,0,0,0,0,0,0
0,0,40.695423,-73.95353,1,1,1,1,24,0,15,0,1,18,1,0,0,0,0,0,1,0,0,0,1,0,0
0,1,40.763195,-73.956429,33,33,33,1,19,0,20,0,0,19,0,1,0,0,0,0,1,0,0,0,0,0,1
0,1,40.826343,-73.909635,8,8,8,1,22,9,15,0,1,18,0,0,0,0,0,0,0,0,0,1,0,0,0
0,1,40.669906,-73.913755,1,1,1,1,10,0,22,0,1,17,1,0,0,0,0,0,1,0,0,0,0,0,1
1,1,40.56294838938291,-74.17883038939995,2,8,8,0,32,1,16,1,1,19,0,1,0,0,0,0,1,0,0,0,0,0,0
0,1,40.704294,-74.013237,1,1,1,0,2,0,19,0,0,19,0,1,0,0,0,0,0,0,0,1,0,1,0
0,1,40.679018,-73.990179,31,31,31,1,25,0,20,0,1,18,1,0,0,0,0,0,0,0,0,1,0,0,0
1,0,40.78561146345052,-73.86414132589191,10,5,7,1,6,3,25,1,1,19,0,0,1,0,0,0,1,0,0,0,0,0,0
0,1,40.755641,-73.975109,92,92,92,0,8,1,13,0,1,19,0,1,0,0,0,0,0,0,0,1,0,0,0
0,0,40.729793,-74.010297,9,7,7,0,3,0,24,0,1,2,0,1,0,0,0,0,1,0,0,0,0,0,1
0,0,40.66759,-73.90719,7,7,7,0,20,0,11,0,0,17,1,0,0,0,0,0,1,0,0,0,0,0,1
0,1,40.756648,-73.974358,138,138,138,1,25,8,16,0,1,19,0,1,0,0,0,0,0,0,0,1,0,0,0
1,1,40.57641397070373,-74.12493713511753,15,3,7,1,0,2,25,1,1,17,0,1,0,0,1,0,0,0,0,0,0,0,0
0,1,40.691903,-73.97827,6,6,6,1,-1,0,26,0,0,18,1,0,0,0,0,0,0,0,0,1,0,0,0
0,1,40.817675,-73.902461,12,12,12,1,15,21,15,0,0,17,0,0,0,0,0,0,0,0,0,1,0,0,0
0,0,40.66595,-73.990084,33,33,33,1,17,0,18,0,1,18,1,0,0,0,0,0,1,0,0,0,1,0,0
0,1,40.695332,-73.982413,12,12,12,1,0,0,31,0,1,19,1,0,0,0,0,0,0,1,0,0,1,0,0
0,1,40.738775,-73.917667,2,2,2,0,26,0,23,0,1,17,0,0,1,0,0,0,1,0,0,0,0,0,0
0,2,40.690316,-73.933532,2,2,2,0,3,0,28,1,0,17,1,0,0,0,0,0,1,0,0,0,0,0,0
0,0,40.687257,-73.981571,5,5,5,1,12,0,17,0,1,19,1,0,0,0,0,0,0,1,0,0,1,0,0
0,1,40.659028,-73.995852,2,2,2,0,5,0,17,0,1,19,1,0,0,0,0,1,0,0,0,0,0,0,0
0,1,40.75564,-73.97225,6,6,6,1,7,7,15,0,0,19,0,1,0,0,0,0,0,0,0,1,0,0,0
0,1,40.695332,-73.982413,9,9,9,0,19,0,23,0,1,19,1,0,0,0,0,0,1,0,0,0,0,0,0
0,1,40.597532,-73.96815,9,7,7,0,13,0,18,0,0,19,1,0,0,0,0,0,1,0,0,0,0,0,0
1,1,40.64077460655736,-73.83156345853473,17,3,1,1,12,0,36,1,1,19,0,0,0,1,1,0,0,0,0,0,0,0,0
0,0,40.688445,-73.977684,1,1,1,1,5,0,13,0,0,19,1,0,0,0,0,0,1,0,0,0,1,0,0
0,1,40.861175,-73.908825,1,1,1,1,7,0,13,0,1,18,0,0,0,0,0,0,1,0,0,0,0,0,0
0,1,40.83554,-73.924681,1,1,1,1,-2,0,15,0,0,19,0,0,0,0,1,0,0,0,0,0,0,0,0
0,1,40.824029,-73.843362,4,4,4,0,21,1,21,0,1,19,0,0,0,0,0,0,1,0,0,0,0,0,0
0,1,40.646326,-74.02142,9,7,7,0,9,0,26,0,0,17,1,0,0,0,0,0,0,0,0,1,0,0,0
0,1,40.668183,-73.959685,3,3,3,1,10,0,16,0,0,19,1,0,0,0,1,0,0,0,0,0,0,0,0
0,1,40.760465,-73.970151,63,63,63,0,18,0,18,0,0,19,0,1,0,0,0,0,0,0,0,1,0,0,0
0,1,40.692552,-74.016281,14,14,14,1,12,0,16,0,1,18,0,1,0,0,0,0,0,0,0,1,0,0,0
0,0,40.707625,-73.956963,3,3,3,1,5,10,15,0,1,18,1,0,0,0,0,0,1,0,0,0,1,0,0
0,1,40.738137,-74.009191,1,1,1,0,10,0,16,0,0,18,0,1,0,0,0,0,0,0,0,1,0,0,0
0,1,40.809752,-73.960217,6,6,6,0,9,13,17,0,1,19,0,1,0,0,0,0,0,0,0,1,0,0,0
0,1,40.775674,-73.987504,32,32,32,0,3,0,17,0,0,19,0,1,0,0,0,0,0,0,0,1,0,0,0
0,1,40.688896,-73.989969,45,45,45,0,3,0,11,0,1,19,1,0,0,0,0,1,0,0,0,0,0,0,0
0,1,40.741132,-73.98987,47,47,47,0,10,0,16,0,0,18,0,1,0,0,0,0,0,0,0,1,0,0,0
1,1,40.748248,-73.982056,16,16,16,0,-2,0,11,1,0,18,0,1,0,0,0,1,0,0,0,0,0,0,0
0,1,40.708988,-74.007654,18,18,18,0,21,3,16,0,0,18,0,1,0,0,0,0,0,0,0,1,0,0,0
0,1,40.742151,-73.99502,7,7,7,0,26,17,13,0,0,19,0,1,0,0,0,0,0,0,0,1,0,0,0
0,1,40.76438,-73.828871,9,9,9,0,11,0,16,0,1,18,0,0,1,0,0,0,0,0,0,1,0,0,0
0,1,40.711313,-74.008661,210,210,210,0,-6,0,18,0,1,19,0,1,0,0,0,0,1,0,0,0,0,0,0
0,1,40.707675,-73.793344,8,8,8,1,21,0,13,0,1,17,0,0,1,0,0,0,0,0,0,1,0,0,0
0,1,40.754253,-73.97821,4,4,4,0,11,5,25,0,1,19,0,1,0,0,0,0,1,0,0,0,0,0,0
0,0,40.659935,-73.931266,8,8,8,0,26,0,23,0,1,19,1,0,0,0,0,0,1,0,0,0,1,0,0
0,0,40.644677,-73.910933,1,1,1,0,20,0,28,0,0,3,1,0,0,0,0,0,1,0,0,0,1,0,0
0,1,40.729793,-74.010297,1,1,1,1,25,0,13,0,1,3,0,1,0,0,1,0,0,0,0,0,0,0,0
1,2,40.7365620831889,-73.81624815697617,45,3,9,1,10,5,28,2,1,18,0,1,0,0,1,0,0,0,0,0,0,0,0
1,0,40.66908461947462,-73.93854373753216,5,4,8,1,10,2,20,1,1,18,0,0,1,0,0,0,1,0,0,0,0,0,0
0,1,40.764727,-73.978142,1,1,1,1,0,0,23,0,0,19,0,1,0,0,0,0,0,0,0,1,0,0,0
0,1,40.867778,-73.894581,3,3,3,1,22,0,17,0,0,18,0,0,0,0,0,0,1,0,0,0,0,0,0
0,1,40.885338,-73.8943,2,2,2,0,17,0,11,0,0,19,0,0,0,0,0,0,0,0,0,1,0,0,0
0,1,40.755446,-74.00222,16,16,16,0,24,0,14,0,0,19,0,1,0,0,0,0,1,0,0,0,0,0,0
0,0,40.73485,-73.999275,1,1,1,0,-10,0,15,0,0,18,0,1,0,0,0,0,1,0,0,0,1,0,0
0,1,40.875953,-73.86197,43,43,43,0,13,0,17,0,0,18,0,0,0,0,1,0,0,0,0,0,0,0,0
0,1,40.738775,-73.917667,2,2,2,0,12,0,19,0,1,18,0,0,1,0,0,0,1,0,0,0,0,0,0
0,0,40.645207,-74.013906,13,13,13,0,21,0,31,0,1,18,1,0,0,0,0,0,1,0,0,0,1,0,0
0,0,40.595917,-73.929373,1,1,1,1,5,0,14,0,0,19,1,0,0,0,0,0,1,0,0,0,1,0,0
1,2,40.65491879253052,-74.1952867017967,16,8,3,1,25,3,24,2,1,19,1,0,0,0,0,0,1,0,0,0,0,0,0
0,1,40.688566,-73.980045,12,12,12,1,27,0,32,0,1,18,1,0,0,0,0,0,1,0,0,0,0,0,0
0,1,40.679018,-73.990179,12,12,12,1,22,0,26,0,1,19,1,0,0,0,0,0,0,0,0,1,0,0,0
0,1,40.671537,-73.907191,1,1,1,1,10,0,21,0,1,18,1,0,0,0,0,0,0,0,0,1,0,0,0
0,1,40.729793,-74.010297,1,1,1,1,5,0,10,0,1,19,0,1,0,0,1,0,0,0,0,0,0,0,0
0,1,40.768668,-73.995404,14,14,14,0,32,0,10,0,1,17,0,1,0,0,0,0,1,0,0,0,0,0,0
0,1,40.692459,-73.990491,29,29,29,0,20,1,19,0,0,18,1,0,0,0,0,0,1,0,0,0,0,0,0
0,1,40.823118,-73.917512,5,5,5,1,13,1,29,0,0,18,0,0,0,0,0,0,0,1,0,0,0,0,0
0,1,40.786594,-73.976488,8,8,8,1,17,0,23,0,1,19,0,1,0,0,0,0,0,0,0,1,0,0,0
0,0,40.708173,-74.006464,42,42,42,1,24,3,8,0,0,17,0,1,0,0,0,0,0,1,0,0,1,0,0
0,1,40.582462,-73.827994,9,7,7,0,8,2,17,0,0,19,0,0,1,0,0,0,0,0,0,1,0,0,0
0,1,40.750555,-73.942664,1,1,1,1,3,29,60,0,1,17,0,0,1,0,1,0,0,0,0,0,0,0,1
0,1,40.67268,-73.986791,1,1,1,0,8,0,28,0,1,3,1,0,0,0,0,0,0,1,0,0,0,0,0
0,1,40.632598,-73.983874,1,1,1,0,21,12,23,0,0,18,1,0,0,0,0,0,0,0,0,0,0,0,0
1,1,40.75078090207565,-73.79358637389865,12,4,4,0,15,0,23,1,1,17,1,0,0,0,0,0,0,0,1,0,0,0,0
0,1,40.814603,-73.938039,42,42,42,0,25,14,20,0,1,18,0,1,0,0,1,0,0,0,0,0,0,0,0
1,0,40.56806860886984,-73.76519814726727,10,9,1,0,19,3,9,1,1,18,0,0,0,1,1,0,0,0,0,0,0,0,0
0,1,40.805223,-73.885975,2,2,2,0,15,7,25,0,1,18,0,0,0,0,0,1,0,0,0,0,0,0,0
1,1,40.81764278159475,-74.04189932770369,22,7,5,0,7,0,0,1,1,18,1,0,0,0,0,0,1,0,0,0,0,0,0
0,1,40.756726,-73.841343,17,17,17,1,24,2,20,0,1,18,0,0,1,0,0,0,0,0,0,1,0,0,0
0,1,40.655503,-73.948826,9,7,7,0,-12,0,15,0,0,18,1,0,0,0,0,0,0,0,0,1,1,0,0
0,0,40.667437,-73.90821,11,11,11,1,24,3,21,0,0,19,1,0,0,0,1,0,0,0,0,0,1,0,0
0,0,40.688422,-73.974846,3,3,3,1,26,0,15,0,0,19,1,0,0,0,0,0,0,0,0,0,0,0,1
0,1,40.689883,-73.979793,15,15,15,0,0,0,20,0,1,19,1,0,0,0,0,0,0,0,0,1,0,0,0
0,1,40.826343,-73.909635,1,1,1,1,25,0,29,0,1,17,0,0,0,0,0,0,0,0,0,1,0,0,0
0,1,40.761118,-73.969609,59,59,59,0,27,0,12,0,1,18,0,1,0,0,0,0,0,0,0,1,0,0,0
0,1,40.668292,-73.796008,11,11,11,1,0,0,22,0,0,19,0,0,1,0,0,0,0,0,0,1,0,0,0
0,1,40.755641,-73.975109,92,92,92,0,24,0,14,0,1,3,0,1,0,0,0,0,0,0,0,1,0,0,0
1,0,40.72091648036594,-74.19279189910836,16,8,4,0,2,14,17,1,1,19,0,1,0,0,0,0,0,0,0,1,0,0,0
0,1,40.740581,-73.994504,9,9,9,0,8,6,22,0,0,17,0,1,0,0,0,0,1,0,0,0,0,0,0
1,1,40.7211632037111,-74.05462063938016,12,2,3,0,29,2,23,1,1,18,0,1,0,0,1,0,0,0,0,0,0,0,0
1,1,40.87143638022589,-73.92756403959481,3,3,5,1,17,1,25,1,1,18,0,1,0,0,0,0,1,0,0,0,0,0,0
0,1,40.680708,-73.985308,2,2,2,0,4,0,30,0,1,18,1,0,0,0,0,0,0,0,0,1,0,0,0
0,0,40.632397,-73.983211,1,1,1,0,1,0,14,0,0,18,1,0,0,0,0,0,0,0,0,0,1,0,0
0,0,40.692153,-73.910711,3,3,3,1,22,0,20,0,1,17,1,0,0,0,0,0,1,0,0,0,1,0,0
0,1,40.736996,-73.998138,10,10,10,1,7,19,20,0,1,17,0,1,0,0,0,0,1,0,0,0,0,0,0
0,1,40.831063,-73.920361,5,5,5,0,17,0,13,0,1,18,0,0,0,0,0,0,0,0,0,1,0,0,0
0,1,40.755626,-73.979336,35,35,35,0,25,0,13,0,0,19,0,1,0,0,0,0,0,0,0,1,0,0,0
0,0,40.819196,-73.950221,74,74,74,0,21,0,26,0,0,17,0,1,0,0,0,1,0,0,0,0,0,0,1
0,2,40.71374,-73.882304,1,1,1,1,16,11,12,1,0,19,0,0,1,0,0,0,1,0,0,0,0,0,0
0,1,40.695332,-73.982413,29,29,29,1,1,0,31,0,1,19,1,0,0,0,0,0,0,0,0,1,0,0,0
0,1,40.638609,-73.948086,1,1,1,1,11,5,17,0,0,17,1,0,0,0,0,0,0,0,0,1,0,0,1
0,1,40.761193,-73.985478,13,13,13,0,15,7,24,0,1,19,0,1,0,0,1,0,0,0,0,0,0,0,0
0,0,40.714105,-73.957842,5,5,5,0,15,0,13,0,0,19,1,0,0,0,0,0,1,0,0,0,1,0,0
0,0,40.767349,-73.98435,41,41,41,0,-5,0,10,0,0,18,0,1,0,0,0,0,1,0,0,0,1,0,0
0,1,40.763336,-73.961093,6,6,6,0,6,8,12,0,1,17,0,1,0,0,0,0,0,0,0,1,0,0,0
0,1,40.74817,-73.938805,34,34,34,0,22,0,27,0,1,17,0,0,1,0,0,0,0,0,0,1,0,0,0
0,1,40.759812,-73.969957,19,19,19,0,27,0,17,0,1,19,0,1,0,0,0,0,0,1,0,0,0,0,0
0,1,40.782533,-73.952924,21,21,21,1,22,0,27,0,1,18,0,1,0,0,0,0,0,0,0,1,0,0,0
0,1,40.655503,-73.948826,2,2,2,0,12,0,33,0,1,18,1,0,0,0,1,0,0,0,0,0,0,0,0
0,1,40.753717,-73.99978,99,99,99,0,-11,0,11,0,0,18,0,1,0,0,0,1,0,0,0,0,0,0,0
0,1,40.750555,-73.942664,1,1,1,1,24,0,15,0,1,18,0,0,1,0,0,0,0,0,0,1,0,0,0
1,1,40.69046270819847,-73.98429090671016,37,8,7,0,11,2,16,1,1,17,0,0,1,0,1,0,0,0,0,0,0,0,0
0,1,40.748247,-73.974347,22,22,22,1,19,6,17,0,1,18,0,1,0,0,0,0,1,0,0,0,0,0,0
0,1,40.674833,-74.003558,24,24,24,1,8,0,17,0,0,19,1,0,0,0,0,0,1,0,0,0,0,0,0
0,1,40.748247,-73.974347,22,22,22,1,25,9,21,0,1,19,0,1,0,0,0,0,0,0,0,1,0,0,0
0,1,40.764727,-73.978142,5,5,5,0,12,18,30,0,1,19,0,1,0,0,0,0,0,0,0,1,0,0,0
0,0,40.659121,-73.94754,2,2,2,0,2,0,15,0,0,19,1,0,0,0,0,0,1,0,0,0,1,0,0
1,0,40.56925437790255,-74.22604063410387,38,2,6,1,-4,1,30,1,1,17,0,0,0,0,0,0,1,0,0,0,0,0,0
0,0,40.715129,-73.966586,16,16,16,1,16,0,15,0,0,19,1,0,0,0,1,0,0,0,0,0,1,0,0
0,0,40.71819,-73.823091,25,25,25,1,29,2,13,0,0,18,0,0,1,0,0,0,0,0,0,0,1,0,0
0,0,40.755474,-73.994799,29,29,29,1,3,0,18,0,1,2,0,1,0,0,0,0,1,0,0,0,1,0,0
0,1,40.864118,-73.916764,2,2,2,0,17,0,14,0,1,19,0,1,0,0,0,0,1,0,0,0,0,0,1
0,1,40.711313,-74.008661,210,210,210,0,10,0,17,0,1,19,0,1,0,0,0,0,0,0,0,1,0,0,0
0,1,40.776534,-73.956554,1,1,1,1,13,0,13,0,1,17,0,1,0,0,1,0,0,0,0,0,0,0,0
0,1,40.838458,-73.920338,7,7,7,0,-1,0,16,0,1,18,0,0,0,0,0,0,0,0,0,1,0,0,0
0,1,40.737806,-73.997922,6,6,6,0,13,1,32,0,0,18,0,1,0,0,0,0,0,0,0,1,0,0,0
0,1,40.709644,-73.94204,4,4,4,0,13,10,39,0,0,18,1,0,0,0,0,0,1,0,0,0,0,0,0
0,0,40.751719,-73.933283,6,6,6,0,24,0,24,0,1,17,0,0,1,0,0,1,0,0,0,0,1,0,0
0,1,40.705206,-73.79552,1,1,1,0,20,0,9,0,0,18,0,0,1,0,0,0,0,0,0,1,0,0,0
0,1,40.59705,-73.970523,3,3,3,0,9,3,27,0,1,19,1,0,0,0,0,0,1,0,0,0,0,0,0
0,1,40.816951,-73.929876,5,5,5,0,24,0,10,0,1,19,0,0,0,0,0,0,0,0,0,1,0,0,0
0,1,40.842669,-73.925696,2,2,2,0,14,6,21,0,1,18,0,0,0,0,0,0,1,0,0,0,0,0,0
0,0,40.619766,-73.988084,34,34,34,1,21,2,17,0,1,19,1,0,0,0,0,0,1,0,0,0,1,0,0
0,0,40.633578,-73.990052,6,6,6,0,15,11,20,0,0,2,1,0,0,0,1,0,0,0,0,0,1,0,0
0,1,40.689883,-73.979793,15,15,15,0,16,0,15,0,1,19,1,0,0,0,0,1,0,0,0,0,0,0,0
0,1,40.754421,-73.980213,8,8,8,0,31,8,14,0,1,18,0,1,0,0,0,0,0,0,0,1,0,0,0
1,1,40.552768234085214,-73.86257108550454,39,8,3,1,33,8,17,1,1,19,0,0,1,0,0,0,0,0,1,0,0,0,0
1,2,40.85652871564098,-73.92834803325812,32,1,7,0,20,4,28,2,1,18,1,0,0,0,0,0,1,0,0,0,0,0,0
0,0,40.705189,-74.011505,124,124,124,0,5,0,45,0,1,19,0,1,0,0,1,0,0,0,0,0,1,0,0
0,4,40.784557,-73.94378,77,77,77,0,4,0,44,2,0,19,0,1,0,0,0,1,0,0,0,0,0,0,0
0,1,40.780061,-73.901942,16,16,16,0,9,0,22,0,1,19,0,0,1,0,0,0,1,0,0,0,0,0,0
0,1,40.736095,-74.009205,32,32,32,1,3,0,19,0,1,19,0,1,0,0,0,0,1,0,0,0,0,0,0
0,1,40.679223,-73.981829,26,26,26,1,18,0,20,0,1,18,1,0,0,0,0,0,0,0,0,1,0,0,0
0,1,40.751972,-73.93935,10,10,10,1,10,0,22,0,1,17,0,0,1,0,0,0,0,0,0,1,0,0,0
0,1,40.729793,-74.010297,1,1,1,1,25,2,7,0,1,18,0,1,0,0,0,0,0,0,0,1,0,0,0
0,1,40.755569,-73.99172,8,8,8,1,17,1,20,0,0,18,0,1,0,0,1,0,0,0,0,0,0,0,0
0,1,40.697354,-73.964813,22,22,22,1,1,0,19,0,1,19,1,0,0,0,0,0,0,0,0,1,0,0,0
0,1,40.744942,-73.995608,4,4,4,1,-1,0,18,0,0,18,0,1,0,0,0,0,1,0,0,0,0,0,0
0,0,40.706918,-73.947578,2,2,2,0,7,0,23,0,1,19,1,0,0,0,0,0,1,0,0,0,1,0,0
0,1,40.842746,-73.925602,2,2,2,0,6,5,26,0,1,18,0,0,0,0,0,1,0,0,0,0,0,0,0
0,1,40.727264,-73.952217,2,2,2,0,22,0,22,0,0,18,1,0,0,0,0,0,0,0,0,1,0,0,0
1,1,40.54046507132276,-73.90675826636706,48,4,6,0,12,2,5,1,1,19,0,0,0,0,0,0,0,0,0,1,0,0,0
0,1,40.770899,-73.98874,9,9,9,0,14,0,22,0,1,18,0,1,0,0,0,0,1,0,0,0,0,0,0
0,1,40.786909,-73.956478,37,37,37,1,19,0,13,0,0,17,0,1,0,0,0,0,0,0,0,1,0,0,0
0,0,40.719207,-73.993835,3,3,3,0,20,0,22,0,0,18,0,1,0,0,0,0,0,0,0,0,1,0,0
0,1,40.771548,-73.958849,37,37,37,1,23,8,15,0,1,18,0,1,0,0,0,0,0,0,0,1,0,0,0
0,0,40.636032,-73.999802,1,1,1,1,12,0,25,0,0,19,1,0,0,0,0,0,1,0,0,0,1,0,0
0,1,40.737885,-74.006466,1,1,1,0,3,0,19,0,0,19,0,1,0,0,0,0,0,0,0,1,0,0,0
0,1,40.745817,-73.972016,18,18,18,0,25,0,39,0,1,19,0,1,0,0,0,1,0,0,0,0,0,0,0
0,1,40.826343,-73.909635,2,2,2,0,12,12,29,0,1,19,0,0,0,0,0,0,0,0,0,1,0,0,0
0,1,40.720245,-73.995996,28,28,28,0,12,0,20,0,1,18,0,1,0,0,0,0,1,0,0,0,0,0,0
0,1,40.771548,-73.958849,37,37,37,1,16,7,24,0,1,19,0,1,0,0,1,0,0,0,0,0,0,0,0
0,0,40.86948,-73.828246,1,1,1,1,23,0,17,0,0,18,0,0,0,0,0,1,0,0,0,0,1,0,0
0,1,40.72378,-73.848991,20,20,20,1,9,0,13,0,0,19,0,0,1,0,0,0,0,0,0,1,0,0,0
1,0,40.75381,-73.9331,9,7,7,0,20,3,24,1,0,18,0,0,1,0,0,0,0,0,0,1,0,0,0
0,1,40.750555,-73.942664,1,1,1,1,9,0,20,0,1,18,0,0,1,0,0,0,1,0,0,0,0,0,0
0,1,40.73288,-73.888332,18,18,18,0,8,0,10,0,0,18,0,0,1,0,0,0,0,0,0,1,0,0,0
1,0,40.818423,-73.918714,4,4,4,0,20,0,17,1,0,17,0,0,0,0,0,0,0,0,0,1,0,0,0
0,0,40.656766,-73.95546,3,3,3,1,1,0,23,0,0,17,1,0,0,0,0,0,1,0,0,0,1,0,0
0,1,40.754212,-73.918442,6,6,6,0,20,0,16,0,1,19,0,0,1,0,0,0,0,0,0,1,0,0,0
0,1,40.732624,-73.996092,14,14,14,1,26,0,19,0,1,19,0,1,0,0,0,0,1,0,0,0,0,0,0
0,0,40.805506,-73.856629,4,4,4,0,-1,1,10,0,0,17,0,0,0,0,0,0,0,1,0,0,1,0,0
1,2,40.66198400100069,-73.95105853163648,34,5,3,1,14,12,12,2,1,18,1,0,0,0,0,0,1,0,0,0,0,0,0
0,1,40.650632,-73.973191,1,1,1,1,4,0,23,0,0,19,1,0,0,0,0,0,0,0,0,1,0,0,0
1,2,40.820096037694505,-73.76620949513256,45,7,5,0,3,17,28,2,1,19,0,0,0,1,0,0,1,0,0,0,0,0,0
0,1,40.746043,-73.997928,2,2,2,0,16,0,19,0,1,19,0,1,0,0,0,0,1,0,0,0,0,0,0
0,1,40.776534,-73.956554,1,1,1,1,25,2,8,0,1,17,0,1,0,0,0,0,1,0,0,0,0,0,0
0,2,40.743502,-73.95808,2,2,2,0,22,7,16,1,1,19,0,0,1,0,0,0,0,0,0,1,0,0,0
0,1,40.815974,-73.958569,10,10,10,1,24,8,20,0,1,19,0,1,0,0,0,0,1,0,0,0,0,0,0
0,1,40.814,-73.929709,5,5,5,0,-1,1,10,0,0,17,0,0,0,0,0,0,0,0,0,1,0,0,0
0,1,40.753481,-74.00432,1,1,1,1,11,0,18,0,0,19,0,1,0,0,0,0,1,0,0,0,0,1,0
0,1,40.736996,-73.998138,10,10,10,1,16,0,12,0,1,19,0,1,0,0,0,0,1,0,0,0,0,0,0
0,1,40.758393,-73.981537,259,259,259,0,15,0,8,0,1,18,0,1,0,0,0,0,1,0,0,0,0,0,0
0,1,40.705189,-73.961267,2,2,2,1,24,0,15,0,0,18,1,0,0,0,0,0,0,0,0,1,0,0,0
0,0,40.863599,-73.916537,6,6,6,1,24,16,44,0,1,18,0,1,0,0,0,0,1,0,0,0,1,0,0
0,1,40.689285,-73.979418,8,8,8,0,23,1,14,0,1,18,1,0,0,0,0,0,1,0,0,0,0,0,0
0,1,40.688827,-73.982454,13,13,13,0,-3,1,12,0,0,19,1,0,0,0,0,0,0,0,0,1,0,0,0
0,1,40.741822,-73.965787,3,3,3,0,13,0,18,0,1,17,0,0,1,0,0,1,0,0,0,0,0,0,0
0,0,40.72878,-73.811095,1,1,1,0,-12,0,14,0,0,18,0,0,1,0,0,0,0,1,0,0,1,0,0
0,1,40.688896,-73.989969,45,45,45,0,15,3,17,0,1,3,1,0,0,0,0,0,1,0,0,0,0,0,0
0,1,40.772879,-73.945963,15,15,15,0,24,0,13,0,0,18,0,1,0,0,0,0,1,0,0,0,0,0,0
0,0,40.675828,-73.989538,2,2,2,0,7,3,21,0,1,19,1,0,0,0,0,0,0,0,0,0,1,0,0
0,0,40.848741,-73.907721,4,4,4,0,-9,0,8,0,0,19,0,0,0,0,1,0,0,0,0,0,1,0,0
0,1,40.795535,-73.922671,18,18,18,0,-1,0,22,0,0,17,0,1,0,0,0,1,0,0,0,0,0,0,0
0,1,40.671905,-73.911308,5,5,5,1,10,0,16,0,0,19,1,0,0,0,0,0,0,0,0,1,0,0,0
0,1,40.742066,-73.974757,144,144,144,0,13,0,24,0,1,17,0,1,0,0,0,0,0,0,0,1,0,0,0
0,0,40.859417,-73.891128,35,35,35,1,12,16,34,0,1,18,0,0,0,0,0,0,1,0,0,0,0,0,1
0,1,40.811091,-73.930586,1,1,1,1,-1,0,18,0,0,19,0,0,0,0,0,1,0,0,0,0,0,0,0
0,1,40.794723,-73.973581,15,15,15,1,0,5,22,0,1,3,0,1,0,0,0,0,0,0,0,1,0,0,0
1,1,40.74700783334993,-74.0843513642968,11,4,2,0,21,6,18,1,1,18,0,0,1,0,0,0,0,0,0,1,0,0,0
0,1,40.85193,-73.891082,14,14,14,1,0,0,17,0,1,18,0,0,0,0,0,0,0,0,0,1,0,0,0
0,0,40.803902,-73.920534,1,1,1,1,5,0,28,0,1,18,0,0,0,0,0,1,0,0,0,0,1,0,0
0,1,40.575868,-73.968639,10,10,10,1,0,0,32,0,0,18,1,0,0,0,0,0,0,0,0,1,0,0,0
0,1,40.767383,-73.955018,24,24,24,1,4,0,44,0,0,19,0,1,0,0,0,0,1,0,0,0,0,0,0
0,1,40.74817,-73.938805,34,34,34,0,4,0,16,0,1,19,0,0,1,0,0,0,0,0,0,1,0,0,0
0,1,40.721548,-73.992096,4,4,4,0,7,0,19,0,1,18,0,1,0,0,0,0,0,0,0,1,0,0,0
1,1,40.52407422997904,-73.8787887529786,5,9,1,1,6,1,22,1,1,19,0,1,0,0,0,0,0,0,1,0,0,0,0
0,1,40.641631,-73.98358,14,14,14,0,4,2,15,0,0,18,1,0,0,0,0,0,0,0,0,1,0,0,0
0,1,40.76576,-73.953261,45,45,45,0,17,0,11,0,0,18,0,1,0,0,0,1,0,0,0,0,0,0,0
0,1,40.776815,-73.935511,5,5,5,1,11,0,12,0,0,19,0,0,1,0,1,0,0,0,0,0,0,0,0
0,1,40.750171,-73.913174,1,1,1,1,19,0,14,0,1,19,0,0,1,0,0,0,0,0,0,1,0,0,0
0,1,40.754611,-73.986761,169,169,169,0,5,0,45,0,0,19,0,1,0,0,0,0,0,0,0,1,0,0,0
0,1,40.757978,-73.979783,27,27,27,0,26,9,15,0,1,19,0,1,0,0,0,0,0,0,0,1,0,0,0
0,1,40.755067,-73.992456,5,5,5,1,18,0,24,0,0,19,0,1,0,0,0,0,0,1,0,0,0,0,0
0,1,40.746756,-73.972727,42,42,42,0,17,0,23,0,1,19,0,1,0,0,0,0,1,0,0,0,0,0,0
0,1,40.863672,-73.870409,7,7,7,0,0,0,24,0,0,19,0,0,0,0,1,0,0,0,0,0,0,0,0
0,1,40.763282,-73.974742,5,5,5,0,23,0,23,0,1,19,0,1,0,0,0,0,1,0,0,0,0,0,0
0,1,40.592232,-73.978515,6,6,6,0,33,0,14,0,0,17,1,0,0,0,0,0,0,0,0,1,0,0,0
0,1,40.747582,-73.994197,23,23,23,0,8,21,18,0,1,19,0,1,0,0,0,0,0,0,0,1,0,0,0
0,0,40.626337,-73.972989,9,7,7,0,18,0,17,0,1,2,1,0,0,0,0,0,1,0,0,0,1,0,0
0,1,40.783767,-73.975774,16,16,16,1,0,0,17,0,1,18,0,1,0,0,0,0,1,0,0,0,0,0,0
0,0,40.713437,-74.008073,7,7,7,1,9,22,34,0,0,3,0,1,0,0,0,0,0,1,0,0,1,0,0
0,0,40.730932,-73.989573,3,3,3,1,19,0,16,0,0,19,0,1,0,0,0,0,1,0,0,0,1,0,0
0,0,40.681435,-73.983069,9,9,9,1,12,0,33,0,0,18,1,0,0,0,0,0,1,0,0,0,1,0,0
0,1,40.765025,-73.991527,3,3,3,0,20,0,12,0,0,17,0,1,0,0,0,0,0,1,0,0,0,0,0
0,1,40.753722,-73.972309,155,155,155,0,5,2,19,0,0,18,0,1,0,0,0,0,1,0,0,0,0,1,0
0,0,40.696782,-73.783742,1,1,1,1,8,0,16,0,0,19,0,0,1,0,0,0,0,0,0,0,1,0,0
0,1,40.59697,-73.970509,1,1,1,0,23,0,31,0,0,17,1,0,0,0,0,0,0,0,0,1,0,0,0
0,0,40.682273,-73.873905,1,1,1,1,4,0,30,0,1,18,1,0,0,0,0,0,1,0,0,0,1,0,0
1,0,40.601919,-73.987677,34,34,34,1,1,0,44,1,0,19,1,0,0,0,0,0,0,0,0,1,0,0,0
0,1,40.815974,-73.958569,10,10,10,1,0,0,12,0,1,17,0,1,0,0,0,0,0,0,0,1,0,0,0
0,1,40.81977,-73.897624,2,2,2,0,18,0,19,0,0,18,0,0,0,0,0,0,0,0,0,1,0,0,0
0,1,40.708995,-73.94129,6,6,6,0,24,0,24,0,1,17,1,0,0,0,0,0,1,0,0,0,0,0,0
0,1,40.758879,-73.834483,1,1,1,1,25,49,14,0,0,17,0,0,1,0,0,0,0,0,0,1,0,0,0
0,1,40.59705,-73.970523,3,3,3,0,21,3,34,0,1,19,1,0,0,0,0,0,0,0,0,1,0,0,0
0,1,40.68821,-73.99135,9,9,9,1,-6,0,22,0,0,18,1,0,0,0,0,0,0,0,0,1,0,0,0
0,1,40.746043,-73.997928,2,2,2,0,27,0,15,0,1,19,0,1,0,0,0,0,0,0,0,1,0,0,0
0,1,40.743499,-73.95808,9,7,7,0,13,1,23,0,0,17,0,0,1,0,0,0,0,0,0,1,0,0,0
0,1,40.673817,-73.950117,22,22,22,1,27,2,19,0,0,19,1,0,0,0,0,0,1,0,0,0,0,0,0
0,1,40.677116,-73.887853,15,15,15,0,8,3,13,0,1,19,1,0,0,0,0,0,0,0,0,1,0,0,0
0,0,40.762668,-73.965786,12,12,12,0,7,0,19,0,1,19,0,1,0,0,0,1,0,0,0,0,1,0,0
0,1,40.759863,-73.966581,11,11,11,1,30,0,12,0,0,19,0,1,0,0,0,0,0,0,0,1,0,0,0
0,1,40.765712,-73.929359,2,2,2,0,-3,0,11,0,0,19,0,0,1,0,0,0,0,0,0,1,0,0,0
0,1,40.677917,-73.988488,4,4,4,0,10,0,22,0,1,17,1,0,0,0,0,0,1,0,0,0,0,0,1
0,0,40.703296,-73.949143,2,2,2,1,20,0,19,0,0,17,1,0,0,0,0,0,0,0,0,0,1,0,0
0,1,40.832304,-73.887591,16,16,16,1,-1,0,18,0,0,19,0,0,0,0,0,0,0,0,0,1,0,0,0
1,2,40.80023535479573,-74.0400776471383,37,3,5,0,18,2,27,2,1,2,0,0,0,0,1,0,0,0,0,0,0,0,0
0,1,40.729793,-74.010297,4,4,4,1,8,21,18,0,1,19,0,1,0,0,0,0,0,0,0,1,0,0,0
0,0,40.810179,-73.963608,8,8,8,0,-4,0,8,0,1,19,0,1,0,0,0,1,0,0,0,0,1,0,0
0,0,40.703026,-74.011202,120,120,120,0,3,0,18,0,1,2,0,1,0,0,0,0,1,0,0,0,1,0,0
1,1,40.82373533884193,-73.77603706298875,17,7,2,1,11,0,7,1,1,18,0,0,0,0,0,0,0,0,1,0,0,0,0
0,1,40.740581,-73.978925,2,2,2,1,20,0,14,0,1,18,0,1,0,0,0,0,0,1,0,0,0,0,0
0,2,40.722672,-73.8266,1,1,1,1,6,0,14,1,0,19,0,0,1,0,0,0,1,0,0,0,0,0,1
0,1,40.691825,-73.986301,2,2,2,0,0,0,23,0,0,19,1,0,0,0,0,0,1,0,0,0,0,0,0
0,1,40.742066,-73.974757,144,144,144,0,20,0,14,0,1,18,0,1,0,0,0,0,1,0,0,0,0,0,0
1,2,40.67294566921012,-74.22770387006508,8,6,9,0,22,2,21,2,1,17,1,0,0,0,1,0,0,0,0,0,0,0,0
0,1,40.765676,-73.924601,8,8,8,0,3,0,16,0,1,19,0,0,1,0,0,0,0,1,0,0,0,0,0
0,0,40.880391,-73.863812,1,1,1,1,17,13,22,0,0,3,0,0,0,0,0,0,1,0,0,0,1,0,0
0,1,40.867456,-73.797494,16,16,16,0,22,0,18,0,1,19,0,0,0,0,0,0,1,0,0,0,0,0,0
0,0,40.746858,-73.860166,7,7,7,0,5,6,42,0,0,19,0,0,1,0,1,0,0,0,0,0,1,0,0
0,1,40.747582,-73.994197,23,23,23,0,0,0,28,0,1,19,0,1,0,0,0,0,0,0,0,1,0,0,0
0,1,40.721627,-73.984307,4,4,4,1,18,0,24,0,1,19,0,1,0,0,0,0,0,0,0,1,0,0,0
0,1,40.69721,-73.927329,34,34,34,0,10,5,23,0,1,19,1,0,0,0,0,0,1,0,0,0,0,0,0
0,0,40.553156,-74.162337,1,1,1,1,11,0,17,0,0,3,0,0,0,1,0,0,1,0,0,0,1,0,0
0,0,40.696176,-73.916696,3,3,3,1,15,5,23,0,1,17,1,0,0,0,0,1,0,0,0,0,1,0,0
0,1,40.811248,-73.901488,17,17,17,0,28,16,11,0,1,17,0,0,0,0,0,0,0,0,0,1,0,0,0
1,0,40.55640603210093,-74.01523401037315,2,5,1,1,13,1,16,1,1,19,1,0,0,0,0,0,0,0,0,1,0,0,0
1,1,40.530292550294085,-73.7643597530796,3,6,5,1,7,3,27,1,1,17,0,0,0,0,1,0,0,0,0,0,0,0,0
0,1,40.75543,-73.997152,2,2,2,0,11,5,25,0,0,19,0,1,0,0,0,1,0,0,0,0,0,0,0
0,1,40.839368,-73.918501,8,8,8,0,21,0,23,0,1,18,0,0,0,0,0,0,1,0,0,0,0,0,1
0,1,40.752335,-73.982416,107,107,107,0,-2,0,20,0,0,18,0,1,0,0,0,0,0,0,0,1,0,0,0
0,0,40.69152,-73.987527,14,14,14,0,9,0,20,0,0,19,1,0,0,0,0,0,1,0,0,0,1,0,0
0,1,40.740704,-74.001844,486,486,486,0,20,0,26,0,1,3,0,1,0,0,1,0,0,0,0,0,0,0,0
0,1,40.768668,-73.995404,14,14,14,0,24,0,13,0,1,19,0,1,0,0,0,0,0,0,0,1,0,0,0
0,1,40.709402,-74.011073,366,366,366,0,14,14,12,0,1,18,0,1,0,0,0,0,1,0,0,0,0,0,0
0,0,40.702097,-73.926076,1,1,1,0,19,0,22,0,0,18,1,0,0,0,0,0,1,0,0,0,1,0,0
0,1,40.729028,-73.995483,13,13,13,0,-2,9,23,0,0,17,0,1,0,0,0,0,0,0,0,0,0,0,0
0,1,40.764727,-73.978142,5,5,5,0,15,3,25,0,1,19,0,1,0,0,0,0,1,0,0,0,0,0,0
0,1,40.754214,-73.933901,4,4,4,0,13,0,15,0,0,17,0,0,1,0,0,0,0,0,0,1,0,0,0
1,0,40.794985,-73.946371,6,6,6,0,27,0,36,1,0,18,0,1,0,0,0,0,0,0,0,1,0,0,0
0,1,40.754421,-73.980213,8,8,8,0,22,0,15,0,1,18,0,1,0,0,0,0,0,0,0,1,0,0,0
0,1,40.668453,-73.990289,5,5,5,1,16,0,23,0,0,17,1,0,0,0,0,0,0,0,0,1,0,0,0
0,0,40.70926,-74.009082,17,17,17,1,9,0,26,0,0,17,0,1,0,0,0,0,1,0,0,0,1,0,0
0,0,40.674773,-73.944464,14,14,14,0,4,6,20,0,0,19,1,0,0,0,0,1,0,0,0,0,1,0,0
0,0,40.74817,-73.938805,34,34,34,0,18,0,17,0,1,17,0,0,1,0,0,0,1,0,0,0,1,0,0
0,1,40.816951,-73.929876,5,5,5,0,27,0,18,0,1,18,0,0,0,0,0,0,0,0,0,1,0,0,0
0,0,40.692622,-73.959122,2,2,2,0,18,7,17,0,0,18,1,0,0,0,0,0,0,0,0,0,1,0,0
0,0,40.690069,-73.993708,26,26,26,1,2,1,30,0,0,19,1,0,0,0,0,0,1,0,0,0,1,0,0
0,0,40.749514,-73.971481,22,22,22,1,12,0,22,0,1,19,0,1,0,0,0,0,0,1,0,0,1,0,0
0,1,40.782533,-73.952924,21,21,21,1,24,0,17,0,1,18,0,1,0,0,0,0,0,0,0,1,0,0,0
0,1,40.846902,-73.903766,9,9,9,1,28,16,11,0,0,17,0,0,0,0,0,0,0,0,0,1,0,0,0
0,1,40.75472,-73.968172,45,45,45,1,9,0,24,0,1,17,0,1,0,0,0,0,0,0,0,1,0,0,0
0,1,40.816046,-73.931166,4,4,4,1,23,0,18,0,1,18,0,0,0,0,0,0,1,0,0,0,0,0,0
0,1,40.609689,-73.95847,20,20,20,0,5,6,28,0,0,19,1,0,0,0,0,0,1,0,0,0,0,0,0
0,1,40.69721,-73.927329,23,23,23,1,22,0,31,0,1,18,1,0,0,0,0,0,0,0,0,1,0,0,0
0,1,40.677869,-73.903473,22,22,22,1,6,9,14,0,0,19,1,0,0,0,0,0,1,0,0,0,0,0,0
0,0,40.790496,-73.973764,60,60,60,1,1,0,26,0,0,19,0,1,0,0,0,1,0,0,0,0,1,0,0
0,1,40.671537,-73.907191,24,24,24,1,25,3,20,0,1,3,1,0,0,0,0,0,0,0,0,1,0,0,0
0,1,40.786594,-73.976488,8,8,8,1,24,4,19,0,1,19,0,1,0,0,1,0,0,0,0,0,0,0,0
0,1,40.786643,-73.976607,8,8,8,1,12,0,14,0,1,19,0,1,0,0,1,0,0,0,0,0,0,0,0
0,1,40.782727,-73.959236,8,8,8,1,11,0,10,0,0,18,0,1,0,0,0,0,0,0,0,1,0,0,0
0,1,40.579868,-73.973025,42,42,42,1,24,0,23,0,1,18,1,0,0,0,0,0,0,0,0,1,0,0,0
0,0,40.741822,-73.965787,9,7,7,0,13,0,18,0,0,18,1,0,0,0,0,0,1,0,0,0,1,0,0
0,0,40.760216,-73.985334,135,135,135,0,-2,0,13,0,0,17,0,1,0,0,0,0,1,0,0,0,1,0,0
0,1,40.760154,-73.97601,44,44,44,0,10,0,19,0,1,18,0,1,0,0,0,0,0,0,0,1,0,0,0
1,0,40.72461132904335,-73.77908467824038,35,7,1,1,21,0,16,1,1,18,0,1,0,0,1,0,0,0,0,0,0,0,0
1,1,40.65791560868741,-74.01362488641942,7,3,7,1,9,1,26,1,1,19,1,0,0,0,0,0,1,0,0,0,0,0,0
1,0,40.59758403788934,-73.97497972260109,49,2,1,1,13,6,23,1,1,2,0,0,0,0,0,0,0,0,1,0,0,0,0
1,2,40.71459582439074,-74.0054724884328,44,4,7,1,21,2,26,2,1,18,0,0,0,1,0,0,0,0,0,1,0,0,0
0,0,40.73552,-73.860392,3,3,3,1,26,0,21,0,0,19,0,0,1,0,0,0,1,0,0,0,1,0,0
0,1,40.703817,-73.963374,7,7,7,0,24,0,12,0,1,17,1,0,0,0,0,0,0,0,0,1,0,0,0
0,1,40.867456,-73.797494,4,4,4,1,8,0,11,0,1,18,0,0,0,0,1,0,0,0,0,0,0,0,0
1,0,40.87242320636496,-73.90326666773201,17,6,1,1,8,6,20,1,1,18,0,0,0,1,0,0,0,0,1,0,0,0,0
0,1,40.574044,-74.109282,3,3,3,0,18,7,11,0,1,18,0,0,0,1,0,0,1,0,0,0,0,0,0
0,1,40.738263,-73.940676,4,4,4,0,6,5,25,0,1,18,0,0,1,0,0,1,0,0,0,0,0,0,0
1,0,40.63753582412402,-74.23826668452803,8,7,7,1,26,2,27,1,1,3,1,0,0,0,0,0,0,0,0,1,0,0,0
0,0,40.748365,-73.944557,22,22,22,1,25,0,39,0,1,19,0,0,1,0,0,0,1,0,0,0,1,0,0
0,0,40.661886,-73.93994,22,22,22,0,19,0,18,0,0,19,1,0,0,0,0,0,0,0,0,0,1,0,0
0,1,40.681104,-73.98843,2,2,2,0,20,0,15,0,1,18,1,0,0,0,0,0,1,0,0,0,0,0,0
0,1,40.778633,-73.962546,108,108,108,0,27,1,10,0,1,18,0,1,0,0,0,0,1,0,0,0,0,0,0
0,1,40.744851,-73.993425,18,18,18,0,21,0,16,0,0,18,0,1,0,0,0,0,1,0,0,0,0,0,0
0,0,40.650467,-73.97361,1,1,1,0,21,0,20,0,0,17,1,0,0,0,0,0,0,1,0,0,1,0,0
0,1,40.759123,-73.834147,1,1,1,1,19,0,13,0,0,18,0,0,1,0,0,0,0,0,0,0,0,0,0
0,1,40.771378,-73.959402,2,2,2,1,17,0,14,0,1,18,0,1,0,0,0,0,0,0,0,1,0,0,0
0,1,40.743188,-73.98755,42,42,42,0,10,12,19,0,1,18,0,1,0,0,0,0,0,0,0,1,0,0,0
0,1,40.707947,-73.968433,3,3,3,0,11,5,33,0,1,19,1,0,0,0,0,0,1,0,0,0,0,0,0
0,1,40.736145,-73.99607,181,181,181,1,10,0,14,0,0,19,0,1,0,0,0,0,1,0,0,0,0,0,0
0,1,40.71299,-73.994939,4,4,4,1,5,2,30,0,1,18,0,1,0,0,1,0,0,0,0,0,0,0,0
0,0,40.5423,-74.236903,9,7,7,0,21,0,16,0,0,19,0,0,0,1,0,0,1,0,0,0,1,0,0
0,0,40.760493,-73.991142,17,17,17,1,22,0,18,0,0,2,0,1,0,0,1,0,0,0,0,0,1,0,0
0,1,40.654526,-73.876642,6,6,6,1,25,0,36,0,0,17,1,0,0,0,1,0,0,0,0,0,0,0,0
0,1,40.747075,-73.939149,4,4,4,0,28,2,22,0,1,19,0,0,1,0,0,0,1,0,0,0,0,0,0
0,2,40.734191,-73.975168,31,31,31,1,0,0,10,1,1,17,0,1,0,0,0,1,0,0,0,0,0,0,0
1,0,40.80365780079564,-74.0146019790134,32,6,6,0,15,3,7,1,1,19,1,0,0,0,0,0,0,0,0,1,0,0,0
1,0,40.63494700558072,-73.97444482591335,38,3,6,1,24,2,23,1,1,17,0,0,1,0,0,0,0,0,1,0,0,0,0
0,1,40.743502,-73.95808,2,2,2,0,15,16,42,0,1,18,0,0,1,0,0,0,0,0,0,1,0,0,0
0,0,40.608878,-74.005341,1,1,1,0,25,2,22,0,0,18,1,0,0,0,0,1,0,0,0,0,1,0,0
0,1,40.770899,-73.98874,9,9,9,0,24,4,19,0,1,19,0,1,0,0,0,0,0,0,0,0,0,0,0
0,1,40.839538,-73.923177,6,6,6,1,17,0,25,0,0,19,0,0,0,0,1,0,0,0,0,0,0,0,0
0,1,40.724032,-74.004961,2,2,2,0,17,0,14,0,0,18,0,1,0,0,0,0,0,1,0,0,0,0,0
0,1,40.743188,-73.98755,42,42,42,0,15,2,14,0,1,17,0,1,0,0,0,0,0,0,0,1,0,0,0
0,0,40.788296,-73.813617,1,1,1,0,16,0,11,0,0,19,0,0,1,0,0,0,1,0,0,0,1,0,0
0,1,40.842746,-73.925602,2,2,2,0,8,8,19,0,1,17,0,0,0,0,0,0,0,0,0,1,0,0,0
0,1,40.747185,-73.977628,20,20,20,1,18,7,20,0,0,19,0,1,0,0,0,0,0,0,0,1,0,0,0
0,1,40.688566,-73.980045,12,12,12,1,12,0,26,0,1,19,1,0,0,0,0,0,0,0,0,1,0,0,0
1,0,40.634951,-73.993518,1,1,1,1,4,6,24,1,0,18,1,0,0,0,1,0,0,0,0,0,0,0,0
0,1,40.762023,-73.975782,86,86,86,1,0,0,10,0,1,19,0,1,0,0,0,0,0,0,0,1,0,0,0
0,1,40.74568,-74.007001,1,1,1,1,5,2,30,0,0,18,0,1,0,0,1,0,0,0,0,0,0,0,0
0,1,40.709043,-74.010626,241,241,241,1,6,0,21,0,0,18,0,1,0,0,1,0,0,0,0,0,0,0,0
0,1,40.780061,-73.901942,16,16,16,0,4,0,22,0,1,19,0,0,1,0,0,0,1,0,0,0,0,0,0
0,2,40.706166,-73.808184,19,19,19,1,22,0,18,1,0,17,0,0,1,0,1,0,0,0,0,0,0,0,0
0,1,40.668035,-73.795032,10,10,10,0,15,0,15,0,0,18,0,0,1,0,0,0,0,0,0,1,0,0,0
0,1,40.729212,-74.009316,3,3,3,0,21,24,21,0,1,18,0,1,0,0,0,0,0,0,0,1,0,0,0
0,1,40.732953,-73.993635,4,4,4,1,25,0,24,0,1,17,0,1,0,0,0,0,0,0,0,1,0,0,0
1,1,40.53259379384423,-73.94162198305636,44,6,7,1,10,0,14,1,1,19,1,0,0,0,0,0,1,0,0,0,0,0,0
0,1,40.768668,-73.995404,14,14,14,0,24,0,17,0,1,18,0,1,0,0,0,0,1,0,0,0,0,0,0
0,1,40.839368,-73.918501,18,18,18,0,19,0,17,0,1,2,0,0,0,0,0,0,1,0,0,0,0,0,0
0,0,40.611362,-73.991241,1,1,1,1,10,0,15,0,0,19,1,0,0,0,0,0,1,0,0,0,1,0,0
0,0,40.67225,-73.928874,1,1,1,1,4,0,26,0,0,18,1,0,0,0,0,0,1,0,0,0,1,0,0
0,1,40.721627,-73.984307,8,8,8,1,12,0,20,0,1,18,0,1,0,0,0,0,0,0,0,1,0,0,0
0,1,40.747075,-73.939149,16,16,16,0,-2,0,11,0,1,18,0,0,1,0,0,0,1,0,0,0,0,0,0
0,1,40.748365,-73.944557,22,22,22,1,-2,10,25,0,1,17,0,0,1,0,0,0,0,0,0,1,0,0,0
0,0,40.85092,-73.889266,2,2,2,0,-3,0,30,0,0,19,0,0,0,0,0,0,1,0,0,0,1,0,0
1,1,40.66124177023156,-73.83045598932891,2,6,1,1,28,0,19,1,1,19,0,0,0,1,0,0,0,0,1,0,0,0,0
0,1,40.842746,-73.925602,2,2,2,0,3,3,25,0,1,19,0,0,0,0,0,0,1,0,0,0,0,0,0
0,1,40.688896,-73.989969,45,45,45,0,20,0,20,0,1,18,1,0,0,0,0,0,1,0,0,0,0,0,0
0,1,40.677648,-73.983636,2,2,2,0,26,29,22,0,0,18,1,0,0,0,0,0,0,0,0,1,0,0,0
0,1,40.764225,-73.982391,1,1,1,0,22,0,11,0,1,18,0,1,0,0,0,0,0,0,0,0,0,0,0
0,1,40.80564,-73.966186,8,8,8,0,9,3,25,0,0,19,0,1,0,0,0,0,0,0,0,1,0,0,0
0,1,40.722303,-74.005963,13,13,13,0,6,0,10,0,0,18,0,1,0,0,0,0,0,0,0,1,0,0,0
0,1,40.750171,-73.913174,1,1,1,1,6,0,17,0,1,18,0,0,1,0,0,0,1,0,0,0,0,0,1
0,1,40.682273,-73.873905,9,7,7,0,-3,0,10,0,1,19,1,0,0,0,0,0,1,0,0,0,0,0,0
0,2,40.839928,-73.94254,61,61,61,0,-4,0,7,1,1,19,0,1,0,0,1,0,0,0,0,0,0,0,0
0,1,40.74817,-73.938805,34,34,34,0,5,0,21,0,1,18,0,0,1,0,0,0,0,0,0,1,0,0,0
0,1,40.776083,-73.987179,36,36,36,1,12,2,17,0,0,18,0,1,0,0,0,0,0,0,0,1,0,0,0
0,1,40.863599,-73.916537,6,6,6,1,16,0,12,0,1,18,0,1,0,0,0,0,0,0,0,1,0,0,0
0,1,40.616632,-73.963476,18,18,18,0,-1,0,24,0,0,18,1,0,0,0,0,0,0,0,0,1,0,0,0
0,1,40.751762,-73.98657,5,5,5,0,0,0,23,0,1,17,0,1,0,0,0,0,0,0,0,1,0,0,0
0,1,40.762605,-73.97846,281,281,281,0,1,0,19,0,1,19,0,1,0,0,0,0,0,0,0,1,0,0,0
0,1,40.805223,-73.885975,2,2,2,0,23,1,15,0,1,19,0,0,0,0,0,1,0,0,0,0,0,0,0
0,1,40.851741,-73.898493,21,21,21,0,7,8,16,0,1,19,0,0,0,0,0,0,0,0,0,1,0,0,0
0,1,40.70697,-73.968397,3,3,3,0,0,0,25,0,1,19,1,0,0,0,1,0,0,0,0,0,0,0,0
0,1,40.851741,-73.898493,21,21,21,0,6,0,15,0,1,18,0,0,0,0,0,0,1,0,0,0,0,0,0
0,1,40.776821,-73.935533,45,45,45,1,6,0,17,0,0,18,0,0,1,0,0,0,0,0,0,1,0,0,0
0,1,40.814603,-73.938039,42,42,42,0,22,1,22,0,1,18,0,1,0,0,0,1,0,0,0,0,0,0,0
0,1,40.765045,-73.996552,14,14,14,0,27,1,33,0,1,18,0,1,0,0,0,0,0,0,0,1,0,0,0
1,0,40.61293,-73.939473,3,3,3,0,24,0,24,1,1,19,1,0,0,0,0,0,1,0,0,0,0,0,0
0,1,40.659655,-73.931238,15,15,15,0,15,0,13,0,1,18,1,0,0,0,0,0,0,0,0,1,1,0,0
0,1,40.738263,-73.940676,4,4,4,0,21,0,12,0,1,18,0,0,1,0,0,0,1,0,0,0,0,0,0
0,1,40.707373,-73.968411,3,3,3,0,1,0,14,0,1,18,1,0,0,0,0,1,0,0,0,0,0,0,0
0,1,40.814603,-73.938039,42,42,42,0,14,1,20,0,1,18,0,1,0,0,0,1,0,0,0,0,0,0,0
0,0,40.681393,-73.965788,2,2,2,0,16,0,14,0,0,19,1,0,0,0,0,0,1,0,0,0,0,0,1
0,1,40.761866,-73.99095,1,1,1,0,22,0,25,0,0,18,0,1,0,0,0,0,1,0,0,0,0,0,0
1,2,40.679143959047344,-74.13830343268518,36,8,7,1,11,1,17,2,1,19,0,1,0,0,1,0,0,0,0,0,0,0,0
0,1,40.688373,-73.979605,13,13,13,1,24,0,19,0,1,18,1,0,0,0,0,0,0,0,0,1,0,0,0
0,1,40.780061,-73.901942,16,16,16,0,-1,0,23,0,1,19,0,0,1,0,0,0,1,0,0,0,0,0,1
0,1,40.851716,-73.904197,2,2,2,0,9,0,19,0,1,19,0,0,0,0,0,0,0,1,0,0,0,0,0
0,1,40.747269,-73.988368,5,5,5,0,20,0,17,0,0,18,0,1,0,0,0,0,0,0,0,1,0,0,0
0,1,40.736095,-74.009205,32,32,32,1,-2,0,20,0,1,18,0,1,0,0,0,0,1,0,0,0,0,0,0
0,1,40.629319,-73.999308,1,1,1,0,17,0,29,0,0,19,1,0,0,0,0,0,0,0,0,1,0,0,0
0,1,40.761193,-73.985478,13,13,13,0,6,0,17,0,1,18,0,1,0,0,0,0,0,0,0,1,0,0,0
0,1,40.762215,-73.827425,4,4,4,0,6,4,15,0,0,17,0,0,1,0,0,0,1,0,0,0,0,0,0
0,1,40.820236,-73.929612,9,7,7,0,10,0,23,0,1,18,0,0,0,0,0,0,1,0,0,0,0,0,0
0,1,40.659655,-73.931238,8,8,8,1,19,0,18,0,1,19,1,0,0,0,0,0,1,0,0,0,0,0,1
0,1,40.664368,-73.910337,3,3,3,1,26,1,16,0,1,18,1,0,0,0,0,0,1,0,0,0,0,0,0
0,1,40.838458,-73.920338,7,7,7,0,6,5,26,0,1,18,0,0,0,0,0,0,0,0,0,1,0,0,0
0,1,40.839368,-73.918501,9,9,9,0,27,25,19,0,1,18,0,0,0,0,0,0,0,0,0,1,0,0,0
0,1,40.67268,-73.986791,1,1,1,0,8,0,21,0,1,18,1,0,0,0,0,0,1,0,0,0,0,0,0
0,1,40.710527,-73.940664,7,7,7,0,0,0,23,0,0,19,1,0,0,0,0,0,1,0,0,0,0,0,0
0,1,40.664823,-73.940496,2,2,2,0,19,0,17,0,0,19,1,0,0,0,0,0,0,0,0,1,0,0,0
0,0,40.755734,-73.994607,12,12,12,1,17,7,15,0,1,18,0,1,0,0,0,1,0,0,0,0,1,0,0
0,1,40.70727,-74.004314,114,114,114,0,20,0,13,0,0,18,0,1,0,0,0,1,0,0,0,0,0,0,0
0,1,40.695332,-73.982413,4,4,4,0,-4,0,26,0,1,19,1,0,0,0,0,0,1,0,0,0,0,0,0
0,1,40.751502,-74.005118,95,95,95,0,0,0,20,0,0,19,0,1,0,0,0,0,1,0,0,0,0,0,0
0,1,40.757406,-74.000787,24,24,24,0,20,5,24,0,1,19,0,1,0,0,0,0,1,0,0,0,0,0,0
0,1,40.76551,-73.986011,1,1,1,1,34,0,16,0,0,17,0,1,0,0,0,1,0,0,0,0,0,0,0
0,1,40.735698,-73.957082,11,11,11,1,27,0,37,0,0,18,1,0,0,0,1,0,0,0,0,0,0,0,0
0,0,40.701919,-73.918081,9,7,7,0,26,12,14,0,0,19,1,0,0,0,0,0,1,0,0,0,1,0,0
0,1,40.705427,-73.951825,2,2,2,0,9,0,28,0,1,17,1,0,0,0,0,0,0,0,0,1,0,0,0
0,1,40.690065,-73.923046,21,21,21,1,2,0,14,0,1,18,1,0,0,0,0,0,0,0,0,1,0,0,0
0,1,40.863569,-73.86936,9,9,9,1,0,0,31,0,0,19,0,0,0,0,0,0,0,0,0,1,0,0,0
0,1,40.750992,-73.978485,147,147,147,0,10,0,23,0,0,17,0,1,0,0,0,0,0,0,0,1,0,0,0
0,1,40.758393,-73.981537,259,259,259,0,13,0,14,0,1,17,0,1,0,0,0,0,1,0,0,0,0,0,0
1,2,40.87372567767256,-74.11315396913854,5,4,6,1,14,2,16,2,1,19,0,0,0,1,0,0,0,0,0,1,0,0,0
0,1,40.703026,-74.011202,120,120,120,0,23,18,15,0,1,18,0,1,0,0,0,0,0,0,0,1,0,0,0
0,0,40.6772,-73.90798,4,4,4,1,23,0,14,0,0,17,1,0,0,0,0,0,1,0,0,0,1,0,0
1,0,40.642069703928726,-74.16722299065535,10,8,6,0,16,0,13,1,1,18,0,1,0,0,0,0,0,0,1,0,0,0,0
0,0,40.613304,-73.980525,3,3,3,0,10,5,16,0,0,2,1,0,0,0,0,0,0,0,0,0,1,0,0
0,1,40.731774,-73.9604,1,1,1,1,6,0,17,0,1,17,1,0,0,0,1,0,0,0,0,0,0,0,0
0,1,40.750288,-73.973288,53,53,53,0,14,0,18,0,1,17,0,1,0,0,0,0,1,0,0,0,0,0,0
0,1,40.748247,-73.974347,22,22,22,1,8,0,11,0,1,17,0,1,0,0,0,0,1,0,0,0,0,0,0
0,1,40.808899,-73.942173,1,1,1,1,20,18,12,0,1,17,0,1,0,0,0,0,1,0,0,0,0,0,0
1,0,40.78192811584976,-73.90705950167586,43,9,3,0,11,1,20,1,1,17,0,0,0,0,0,0,0,0,0,1,0,0,0
0,1,40.633089,-74.012073,1,1,1,0,21,2,14,0,0,17,1,0,0,0,0,0,0,0,0,1,0,0,0
0,1,40.688566,-73.980045,12,12,12,1,19,0,19,0,1,17,1,0,0,0,0,0,0,0,0,1,0,0,0
0,0,40.703026,-74.011202,120,120,120,0,13,1,21,0,1,18,0,1,0,0,1,0,0,0,0,0,1,0,0
0,2,40.727337,-73.992073,5,5,5,0,3,6,22,1,1,18,0,1,0,0,0,1,0,0,0,0,0,0,0
0,1,40.772632,-73.952462,8,8,8,1,5,3,13,0,1,18,0,1,0,0,0,0,1,0,0,0,0,0,0
0,0,40.755678,-73.980101,17,17,17,0,20,6,23,0,0,18,0,1,0,0,1,0,0,0,0,0,1,0,0
0,2,40.746043,-73.997928,2,2,2,0,28,0,28,1,1,18,0,1,0,0,0,0,0,0,0,1,0,0,0
0,0,40.810179,-73.963608,8,8,8,0,15,0,19,0,1,17,0,1,0,0,0,0,1,0,0,0,1,0,0
0,0,40.771986,-73.990169,8,8,8,1,17,0,14,0,0,19,0,1,0,0,0,0,1,0,0,0,1,0,0
0,1,40.709402,-74.011073,366,366,366,0,-8,0,8,0,1,19,0,1,0,0,0,0,1,0,0,0,0,0,0
0,0,40.684147,-73.832628,2,2,2,0,24,0,20,0,0,18,0,0,1,0,0,0,1,0,0,0,1,0,0
0,0,40.764454,-73.972871,125,125,125,1,20,0,9,0,1,19,0,1,0,0,0,0,1,0,0,0,0,0,1
0,1,40.762668,-73.965786,12,12,12,0,13,1,18,0,1,3,0,1,0,0,0,0,0,0,0,1,0,0,0
0,1,40.85042,-73.910369,3,3,3,0,7,32,24,0,0,18,0,0,0,0,0,0,0,0,0,1,0,0,0
1,1,40.733467955129264,-74.20903317734867,6,1,5,0,16,2,21,1,1,18,0,0,0,0,0,0,0,0,0,1,0,0,0
0,1,40.754212,-73.918442,6,6,6,0,24,6,16,0,1,18,0,0,1,0,0,0,0,1,0,0,0,0,0
1,1,40.55231057128002,-73.87026723548556,14,4,1,0,5,0,9,1,1,18,0,0,0,1,0,0,0,0,0,1,0,0,0
0,1,40.747551,-73.94113,2,2,2,0,9,0,19,0,1,19,0,0,1,0,0,1,0,0,0,0,0,0,0
0,1,40.637832,-73.982042,5,5,5,0,27,0,35,0,0,18,1,0,0,0,0,0,1,0,0,0,0,0,0
0,0,40.885358,-73.898409,4,4,4,0,32,0,12,0,0,18,0,0,0,0,0,1,0,0,0,0,1,0,0
1,1,40.56448769660218,-73.9389536943309,10,5,4,1,2,1,19,1,1,19,1,0,0,0,0,0,0,0,0,1,0,0,0
0,1,40.740581,-73.978925,2,2,2,1,17,0,16,0,1,19,0,1,0,0,0,0,0,1,0,0,0,0,0
0,1,40.741822,-73.965787,9,7,7,0,13,0,18,0,1,17,0,0,1,0,0,0,1,0,0,0,0,0,0
0,1,40.683038,-73.979261,7,7,7,1,20,0,11,0,0,17,1,0,0,0,0,0,0,0,0,1,0,0,0
0,1,40.754421,-73.980213,8,8,8,0,8,6,25,0,1,19,0,1,0,0,0,0,0,0,0,1,0,0,0
0,1,40.655529,-73.867753,6,6,6,1,10,5,26,0,1,19,1,0,0,0,0,0,0,0,0,1,1,0,0
0,1,40.695332,-73.982413,2,2,2,0,-1,0,12,0,1,18,1,0,0,0,0,0,1,0,0,0,0,0,0
0,1,40.752702,-73.97907,23,23,23,0,17,0,13,0,0,18,0,1,0,0,0,0,0,0,0,1,0,0,0
0,1,40.760459,-73.958196,28,28,28,0,5,0,21,0,0,17,0,1,0,0,1,0,0,0,0,0,0,0,0
0,1,40.763282,-73.974742,5,5,5,0,24,4,16,0,1,19,0,1,0,0,0,0,0,0,0,1,0,0,0
1,0,40.88931036108794,-74.13737280780491,49,7,1,1,7,4,18,1,1,19,0,0,1,0,0,0,0,0,1,0,0,0,0
0,1,40.767496,-73.996267,1,1,1,0,26,2,15,0,0,3,0,1,0,0,0,0,1,0,0,0,0,0,1
0,0,40.641217,-73.989266,2,2,2,0,11,0,33,0,1,2,1,0,0,0,0,0,1,0,0,0,1,0,0
0,1,40.757271,-73.963692,29,29,29,0,10,0,19,0,0,18,0,1,0,0,1,0,0,0,0,0,0,0,0
0,1,40.695332,-73.982413,4,4,4,0,25,0,13,0,1,18,1,0,0,0,0,0,1,0,0,0,0,0,0
1,1,40.68265267644287,-74.11590352685737,41,7,1,0,17,1,20,1,1,18,0,0,0,0,0,0,0,0,1,0,0,0,0
0,1,40.659935,-73.931266,15,15,15,0,17,0,25,0,1,18,1,0,0,0,0,0,1,0,0,0,0,0,0
0,0,40.685795,-73.90931,2,2,2,0,11,0,17,0,0,19,1,0,0,0,0,0,1,0,0,0,1,0,0
0,1,40.812487,-73.929162,1,1,1,1,1,0,17,0,0,18,0,0,0,0,0,0,1,0,0,0,0,0,0
0,1,40.73937,-74.008776,19,19,19,1,9,0,15,0,0,19,0,1,0,0,1,0,0,0,0,0,0,0,0
0,1,40.733687,-73.982179,9,7,7,0,25,0,12,0,1,18,0,1,0,0,0,0,1,0,0,0,0,0,0
0,1,40.665607,-73.938452,12,12,12,0,18,0,14,0,0,17,1,0,0,0,0,0,0,0,0,1,0,0,0
0,1,40.825987,-73.883399,25,25,25,1,-3,0,19,0,0,19,0,0,0,0,0,0,0,0,0,1,0,0,0
0,1,40.751972,-73.93935,10,10,10,1,21,0,12,0,1,18,0,0,1,0,0,0,1,0,0,0,0,0,0
0,0,40.709174,-74.013057,32,32,32,1,5,2,30,0,1,18,0,1,0,0,0,0,1,0,0,0,1,0,0
0,1,40.628777,-74.029833,1,1,1,1,22,0,20,0,0,18,1,0,0,0,0,0,0,1,0,0,0,0,0
0,1,40.712372,-73.783414,9,7,7,0,3,0,5,0,0,19,0,0,1,0,0,0,1,0,0,0,0,0,0
0,1,40.606619,-74.118187,4,4,4,0,10,0,18,0,0,19,0,0,0,1,0,0,1,0,0,0,0,0,0
0,0,40.848346,-73.931397,1,1,1,1,11,0,11,0,1,18,0,1,0,0,0,0,1,0,0,0,1,0,0
0,1,40.839368,-73.918501,9,7,7,0,18,8,18,0,1,19,0,0,0,0,0,0,0,0,0,1,0,0,0
0,1,40.745081,-73.987019,11,11,11,1,14,0,18,0,1,17,0,1,0,0,0,0,1,0,0,0,0,0,0
1,0,40.863178,-73.917911,4,4,4,1,19,0,18,1,1,19,0,1,0,0,0,1,0,0,0,0,0,0,0
0,1,40.751806,-73.988588,11,11,11,0,0,0,15,0,0,18,0,1,0,0,0,0,1,0,0,0,0,0,0
0,1,40.751762,-73.98657,5,5,5,0,31,8,14,0,1,18,0,1,0,0,0,0,1,0,0,0,0,0,0
1,2,40.65940085386377,-73.98909961955223,47,8,7,0,6,3,21,2,1,3,1,0,0,0,0,0,0,0,1,0,0,0,0
0,1,40.743287,-73.993724,7,7,7,1,16,0,11,0,0,19,0,1,0,0,0,0,0,0,0,1,0,0,0
0,1,40.688373,-73.979605,13,13,13,1,23,0,19,0,1,19,1,0,0,0,0,1,0,0,0,0,0,0,0
0,1,40.872791,-73.884688,10,10,10,1,5,0,18,0,0,17,0,0,0,0,0,0,0,0,0,1,0,0,0
1,1,40.59156803407415,-74.19895166980822,24,3,6,0,15,9,31,1,1,18,0,0,0,1,0,0,0,0,1,0,0,0,0
0,1,40.814603,-73.938039,42,42,42,0,23,2,23,0,1,3,0,1,0,0,0,0,0,0,0,1,0,0,0
0,1,40.839368,-73.918501,8,8,8,0,22,9,15,0,1,18,0,0,0,0,0,0,0,0,0,1,0,0,0
0,1,40.774549,-73.964003,6,6,6,0,9,0,14,0,0,19,0,1,0,0,0,0,1,0,0,0,0,0,0
0,1,40.826109,-73.916638,33,33,33,0,24,0,23,0,0,17,0,0,0,0,0,0,1,0,0,0,0,0,0
1,1,40.64634837880009,-73.78563766391045,22,4,4,0,12,0,34,1,1,18,0,0,0,0,0,0,1,0,0,0,0,0,0
0,1,40.659655,-73.931238,9,13,13,1,8,0,14,0,1,18,1,0,0,0,0,1,0,0,0,0,0,0,0
0,1,40.750017,-73.991345,232,232,232,0,13,0,18,0,0,18,0,1,0,0,0,1,0,0,0,0,0,0,0
0,0,40.886307,-73.845417,2,2,2,0,21,2,22,0,0,19,0,0,0,0,0,0,1,0,0,0,1,0,0
0,0,40.74817,-73.938805,34,34,34,0,25,0,39,0,1,19,0,0,1,0,0,0,1,0,0,0,1,0,0
0,0,40.744783,-73.997293,2,2,2,0,1,0,12,0,0,19,0,1,0,0,1,0,0,0,0,0,1,0,0
0,1,40.733687,-73.982179,3,3,3,1,6,0,16,0,1,18,0,1,0,0,0,0,0,0,0,1,0,0,0
0,1,40.746043,-73.997928,2,2,2,0,20,0,15,0,1,18,0,1,0,0,0,0,0,0,0,1,0,0,0
0,1,40.697431,-73.951041,16,16,16,1,24,0,12,0,0,18,1,0,0,0,0,0,1,0,0,0,0,0,0
1,0,40.54189029396887,-73.8077617905968,34,8,1,1,23,0,20,1,1,17,0,0,0,1,0,0,1,0,0,0,0,0,0
0,1,40.782279,-73.97628,19,19,19,1,1,0,18,0,0,18,0,1,0,0,0,0,0,0,0,1,0,0,0
0,1,40.651471,-73.95386,16,16,16,1,5,0,22,0,1,18,1,0,0,0,0,0,0,0,0,1,0,0,0
1,2,40.57033779664132,-73.79938157077007,45,9,5,0,24,1,21,2,1,17,0,0,0,1,0,0,0,0,1,0,0,0,0
0,1,40.754464,-73.872404,7,7,7,0,-10,0,7,0,0,19,0,0,1,0,0,0,0,0,0,1,0,0,0
0,2,40.649186,-73.945238,5,5,5,1,5,0,22,1,1,17,1,0,0,0,0,0,0,0,0,1,0,0,0
1,2,40.882954395517125,-74.00096109180699,33,8,3,0,14,6,13,2,1,19,0,0,1,0,0,0,0,0,0,1,0,0,0
0,1,40.735668,-73.957396,15,15,15,1,6,0,17,0,1,18,1,0,0,0,1,0,0,0,0,0,0,0,0
0,1,40.695332,-73.982413,4,4,4,0,-5,0,11,0,1,18,1,0,0,0,0,0,1,0,0,0,0,0,0
1,2,40.67014195231161,-74.09688638714611,41,5,5,0,26,0,10,2,1,18,0,0,1,0,1,0,0,0,0,0,0,0,0
0,1,40.680609,-73.952845,15,15,15,0,9,0,20,0,1,19,1,0,0,0,0,0,1,0,0,0,0,0,0
0,1,40.69721,-73.927329,32,32,32,1,18,1,12,0,1,17,1,0,0,0,0,0,0,0,0,1,0,0,0
0,0,40.728076,-73.949759,1,1,1,0,23,15,18,0,1,3,1,0,0,0,0,0,1,0,0,0,1,0,0
0,1,40.871394,-73.863986,1,1,1,1,19,0,16,0,0,19,0,0,0,0,1,0,0,0,0,0,0,0,0
0,1,40.67268,-73.986791,1,1,1,0,22,0,20,0,1,17,1,0,0,0,0,0,1,0,0,0,0,0,0
1,1,40.820002375699794,-74.16632705652188,36,3,3,0,19,0,10,1,1,18,0,0,0,0,0,0,0,0,0,1,0,0,0
0,1,40.817344,-73.953384,9,9,9,0,1,0,22,0,0,19,0,1,0,0,1,0,0,0,0,0,0,0,0
0,1,40.769916,-73.95498,25,25,25,1,20,6,17,0,1,18,0,1,0,0,0,0,0,0,0,1,0,0,0
1,2,40.75000710121654,-74.12938794433653,2,2,3,0,4,4,27,2,1,2,0,1,0,0,0,0,0,0,0,1,0,0,0
0,1,40.838458,-73.920338,7,7,7,0,4,0,26,0,1,19,0,0,0,0,0,0,0,0,0,1,0,0,0
0,1,40.742616,-73.986698,171,171,171,0,15,10,11,0,0,18,0,1,0,0,0,0,0,0,0,1,0,0,0
0,1,40.815931,-73.905184,1,1,1,1,0,0,18,0,1,18,0,0,0,0,0,0,0,0,0,1,0,0,0
0,1,40.761118,-73.969609,59,59,59,0,2,0,18,0,1,19,0,1,0,0,0,0,0,0,0,1,0,0,0
0,1,40.727337,-73.992073,5,5,5,0,8,6,25,0,1,19,0,1,0,0,1,0,0,0,0,0,0,0,0
0,1,40.838969,-73.882285,2,2,2,1,24,0,11,0,0,18,0,0,0,0,0,0,0,0,0,1,0,0,0
0,1,40.681949,-73.984399,4,4,4,0,7,0,19,0,0,18,1,0,0,0,0,0,0,0,0,1,0,0,0
0,0,40.751762,-73.98657,5,5,5,0,24,0,12,0,1,18,0,1,0,0,0,0,1,0,0,0,1,0,0
1,2,40.74269916522268,-73.8514261428232,24,1,5,1,20,1,15,2,1,17,0,0,0,1,0,0,0,0,0,1,0,0,0
0,1,40.862326,-73.929553,9,9,9,0,8,0,23,0,1,17,0,1,0,0,0,0,1,0,0,0,0,0,0
0,1,40.675937,-73.894603,3,3,3,1,22,0,23,0,0,18,1,0,0,0,0,0,0,0,0,1,0,0,0
0,1,40.703026,-74.011202,120,120,120,0,9,28,48,0,1,18,0,1,0,0,0,0,0,0,0,1,0,0,0
0,1,40.710535,-73.94074,1,1,1,0,19,0,15,0,0,18,1,0,0,0,1,0,0,0,0,0,0,0,0
1,1,40.8844539422335,-73.80733102777336,17,8,3,1,34,4,14,1,1,18,0,0,0,1,0,0,1,0,0,0,0,0,0
0,0,40.684868,-73.910025,9,9,9,1,19,0,22,0,0,19,1,0,0,0,0,0,0,0,0,0,1,0,0
0,1,40.575048,-73.992063,12,12,12,0,12,0,19,0,0,18,1,0,0,0,0,0,1,0,0,0,0,0,0
0,1,40.726168,-74.007494,35,35,35,0,16,0,11,0,0,19,0,1,0,0,0,1,0,0,0,0,0,0,0
1,1,40.89102624808066,-73.943477772789,30,8,7,0,13,1,13,1,1,19,1,0,0,0,0,0,0,0,1,0,0,0,0
0,2,40.74817,-73.938805,34,34,34,0,17,7,15,1,1,18,0,0,1,0,0,0,1,0,0,0,0,0,0
0,1,40.713554,-73.834217,1,1,1,1,4,3,16,0,0,18,0,0,1,0,0,0,0,0,0,1,0,0,0
0,0,40.695853,-73.914637,3,3,3,1,25,0,16,0,1,19,1,0,0,0,0,0,1,0,0,0,1,0,0
1,1,40.52546504357193,-74.03374768828994,46,3,3,1,21,12,23,1,1,18,0,0,0,0,0,0,1,0,0,0,0,0,0
0,1,40.745183,-74.008236,34,34,34,1,18,0,24,0,0,19,0,1,0,0,0,0,0,0,0,1,0,0,0
0,1,40.779558,-73.961531,20,20,20,1,3,0,30,0,0,18,0,1,0,0,0,0,0,0,0,1,0,0,0
0,1,40.772846,-73.958332,5,5,5,0,25,4,19,0,1,18,0,1,0,0,0,0,1,0,0,0,0,0,0
0,1,40.689985,-73.98254,62,62,62,1,20,0,13,0,1,18,1,0,0,0,0,0,1,0,0,0,0,0,0
0,1,40.754421,-73.980213,8,8,8,0,19,0,16,0,1,19,0,1,0,0,0,0,0,0,0,1,0,0,0
0,0,40.839368,-73.918501,3,3,3,1,25,14,20,0,1,18,0,0,0,0,0,0,1,0,0,0,1,0,0
0,1,40.805541,-73.966248,11,11,11,0,9,0,21,0,0,17,0,1,0,0,0,0,1,0,0,0,0,0,0
0,2,40.814603,-73.938039,42,42,42,0,25,39,15,1,1,17,0,1,0,0,0,0,1,0,0,0,0,0,0
0,0,40.754421,-73.980213,8,8,8,0,10,0,13,0,1,17,0,1,0,0,0,0,1,0,0,0,1,0,0
0,1,40.747563,-73.996849,21,21,21,0,-1,0,25,0,1,18,0,1,0,0,0,1,0,0,0,0,0,0,0
1,1,40.69980575396152,-73.90420593823762,44,6,4,0,3,3,24,1,1,19,0,0,1,0,0,0,0,0,1,0,0,0,0
0,1,40.739401,-73.891208,18,18,18,1,-2,0,16,0,0,19,0,0,1,0,0,0,0,0,0,1,0,0,0
0,1,40.739279,-73.989726,66,66,66,1,19,7,11,0,0,18,0,1,0,0,0,0,0,0,0,1,0,0,0
0,1,40.578698,-73.83655,10,10,10,0,16,0,9,0,1,19,0,0,1,0,0,0,0,0,0,1,0,0,0
0,1,40.758094,-73.842008,5,5,5,1,3,0,16,0,0,19,0,0,1,0,0,1,0,0,0,0,0,0,0
0,1,40.735419,-73.95985,16,16,16,0,22,0,16,0,1,17,1,0,0,0,1,0,0,0,0,0,0,0,0
0,1,40.749146,-73.981965,1,1,1,0,25,0,12,0,0,18,0,1,0,0,0,0,1,0,0,0,0,0,0
0,1,40.695332,-73.982413,13,13,13,0,18,1,12,0,1,17,1,0,0,0,0,0,1,0,0,0,0,0,0
0,1,40.842746,-73.925602,2,2,2,0,4,0,18,0,1,18,0,0,0,0,0,0,1,0,0,0,0,0,0
0,1,40.838458,-73.920338,7,7,7,0,23,0,11,0,1,19,0,0,0,0,0,0,0,0,0,1,0,0,0
0,0,40.729384,-73.989497,44,44,44,0,21,0,30,0,0,18,0,1,0,0,0,0,1,0,0,0,1,0,0
1,1,40.81843681170388,-74.19459690283774,4,8,8,1,28,0,31,1,1,18,0,0,1,0,0,0,0,0,1,0,0,0,0
0,1,40.80723,-73.911539,9,9,9,1,19,0,15,0,1,19,0,0,0,0,0,0,1,0,0,0,0,0,0
0,1,40.687759,-73.982898,34,34,34,1,7,0,19,0,1,18,1,0,0,0,0,0,1,0,0,0,0,0,0
0,1,40.674468,-73.956584,1,1,1,0,22,0,20,0,0,17,1,0,0,0,0,0,0,0,0,1,0,0,1
0,1,40.676759,-73.962748,3,3,3,0,26,0,23,0,0,19,1,0,0,0,0,0,0,0,0,1,0,0,0
0,1,40.748365,-73.944557,22,22,22,1,-2,0,8,0,1,3,0,0,1,0,0,0,0,0,0,1,0,0,0
0,1,40.688373,-73.979605,13,13,13,1,16,0,13,0,1,18,1,0,0,0,0,0,0,0,0,1,0,0,0
0,0,40.866003,-73.859608,4,4,4,0,24,0,14,0,0,19,0,0,0,0,0,0,0,1,0,0,1,0,0
0,1,40.755641,-73.975109,92,92,92,0,3,0,12,0,1,17,0,1,0,0,0,0,0,0,0,1,0,0,0
0,1,40.680027,-73.959274,4,4,4,0,20,0,22,0,0,2,1,0,0,0,0,0,0,0,0,1,0,0,0
1,1,40.8304323464956,-74.1908521159299,18,9,7,1,28,4,23,1,1,18,1,0,0,0,0,0,1,0,0,0,0,0,0
0,1,40.754253,-73.97821,4,4,4,0,26,0,12,0,1,19,0,1,0,0,0,0,0,0,0,1,0,0,0
0,1,40.748365,-73.944557,22,22,22,1,23,0,20,0,1,19,0,0,1,0,0,0,1,0,0,0,0,0,0
0,0,40.675856,-73.895516,4,4,4,0,7,0,26,0,0,3,1,0,0,0,0,0,1,0,0,0,1,0,0
0,1,40.682273,-73.873905,1,1,1,1,24,0,23,0,1,17,1,0,0,0,0,0,0,0,0,1,0,0,0
0,0,40.814603,-73.938039,42,42,42,0,8,0,19,0,1,18,0,1,0,0,1,0,0,0,0,0,1,0,0
1,0,40.61892040807489,-74.17671034129415,25,5,2,1,10,2,20,1,1,19,1,0,0,0,0,0,0,0,1,0,0,0,0
0,1,40.793971,-73.942403,5,5,5,0,23,0,13,0,1,17,0,1,0,0,0,0,1,0,0,0,0,0,0
0,1,40.678027,-73.986657,50,50,50,1,6,62,40,0,1,3,1,0,0,0,0,0,0,0,0,1,0,0,0
0,0,40.740909,-73.987947,264,264,264,0,17,0,16,0,1,19,0,1,0,0,0,0,1,0,0,0,1,0,0
0,0,40.706878,-74.002049,9,9,9,0,0,0,15,0,0,18,0,1,0,0,0,0,0,1,0,0,1,0,0
0,1,40.689889,-73.979937,15,15,15,0,18,0,24,0,1,18,1,0,0,0,0,0,0,0,0,1,0,0,0
0,1,40.681104,-73.98843,2,2,2,0,-1,0,26,0,1,18,1,0,0,0,0,0,1,0,0,0,0,0,1
0,1,40.762621,-73.973128,58,58,58,0,21,0,16,0,0,18,0,1,0,0,0,0,0,0,0,1,0,0,0
0,0,40.782192,-73.951538,14,14,14,1,16,0,11,0,1,19,0,1,0,0,0,0,1,0,0,0,1,0,0
0,1,40.748528,-73.982413,105,105,105,0,19,0,16,0,0,19,0,1,0,0,0,0,1,0,0,0,0,0,0
0,0,40.685418,-73.93142,1,1,1,1,7,6,32,0,0,17,1,0,0,0,0,0,1,0,0,0,1,0,0
0,1,40.751986,-73.931099,22,22,22,0,-2,1,15,0,0,19,0,0,1,0,0,0,1,0,0,0,0,0,0
0,1,40.763336,-73.961093,6,6,6,0,24,0,25,0,1,18,0,1,0,0,0,0,1,0,0,0,0,0,1
0,1,40.841827,-73.842073,6,6,6,1,17,0,20,0,1,19,0,0,0,0,0,0,1,0,0,0,0,0,0
1,2,40.83823901483213,-73.82077943675434,35,9,3,0,31,3,23,2,1,19,0,0,0,0,0,0,0,0,0,1,0,0,0
0,0,40.66258,-73.934226,9,7,7,0,9,7,23,0,0,17,1,0,0,0,0,0,1,0,0,0,1,0,0
0,1,40.6368,-74.11867,2,2,2,0,26,0,19,0,0,19,0,0,0,1,0,0,0,0,0,1,0,0,0
0,1,40.74817,-73.938805,34,34,34,0,6,16,17,0,1,19,0,0,1,0,0,0,1,0,0,0,0,0,0
0,1,40.827586,-73.853196,1,1,1,1,11,0,19,0,0,18,0,0,0,0,0,0,0,0,0,1,0,0,0
0,0,40.661981,-73.88994,3,3,3,1,25,5,16,0,0,18,1,0,0,0,0,0,1,0,0,0,1,0,0
0,1,40.720245,-73.995996,28,28,28,0,1,0,18,0,1,19,0,1,0,0,0,0,0,0,0,1,0,0,0
0,1,40.837779,-73.889045,10,10,10,1,-3,0,16,0,0,17,0,0,0,0,0,0,0,0,0,0,0,0,0
0,0,40.725825,-73.994357,8,8,8,0,28,15,14,0,0,17,0,1,0,0,0,0,1,0,0,0,1,0,0
0,0,40.714156,-73.948301,8,8,8,1,17,0,16,0,0,19,1,0,0,0,0,0,0,0,0,0,1,0,0
0,1,40.606556,-73.964397,12,12,12,0,-1,3,21,0,0,18,1,0,0,0,0,0,0,0,0,1,0,0,0
0,1,40.839028,-73.908895,12,12,12,0,16,1,13,0,0,19,0,0,0,0,0,0,1,0,0,0,0,0,0
1,2,40.6422832380928,-74.18148644809187,18,4,6,1,33,2,29,2,1,17,0,1,0,0,0,0,0,0,1,0,0,0,0
0,0,40.655529,-73.867753,6,6,6,1,23,0,22,0,1,19,1,0,0,0,0,0,0,0,0,0,1,0,0
0,0,40.660543,-73.994273,3,3,3,0,1,0,13,0,0,18,1,0,0,0,0,0,1,0,0,0,1,0,0
0,1,40.685271,-73.950541,9,7,7,0,20,5,15,0,0,18,1,0,0,0,0,1,0,0,0,0,0,0,0
0,0,40.865734,-73.927489,5,5,5,1,2,5,23,0,0,19,0,1,0,0,0,0,1,0,0,0,1,0,0
0,1,40.760525,-73.833974,3,3,3,0,0,0,21,0,1,19,0,0,1,0,0,0,0,0,0,1,0,0,0
0,1,40.741822,-73.965787,44,44,44,0,13,0,18,0,1,18,0,1,0,0,0,0,1,0,0,0,0,0,0
0,1,40.745081,-73.987019,11,11,11,1,29,5,22,0,1,18,0,1,0,0,1,0,0,0,0,0,0,0,0
0,0,40.628624,-73.99358,9,7,7,0,19,0,26,0,0,19,1,0,0,0,0,0,1,0,0,0,1,0,0
1,1,40.570891682967634,-74.17512831005544,19,7,5,1,5,0,31,1,1,19,0,0,0,0,0,0,1,0,0,0,0,0,0
1,0,40.89294108698604,-73.76474324297939,30,6,8,1,5,2,18,1,1,3,1,0,0,0,0,0,0,0,0,1,0,0,0
0,1,40.708115,-74.008768,297,297,297,0,19,0,17,0,0,18,0,1,0,0,0,1,0,0,0,0,0,0,0
0,1,40.664368,-73.910337,9,7,7,0,25,2,15,0,1,19,1,0,0,0,1,0,0,0,0,0,0,0,0
0,0,40.634673,-74.135621,9,7,7,0,6,1,32,0,0,3,0,0,0,1,0,0,1,0,0,0,1,0,0
0,1,40.732151,-74.00411,7,7,7,1,0,0,14,0,0,18,0,1,0,0,0,0,0,0,0,1,0,0,0
0,1,40.750214,-73.973108,133,133,133,0,10,0,15,0,1,19,0,1,0,0,1,0,0,0,0,0,0,0,0
0,1,40.842746,-73.925602,2,2,2,0,-1,0,12,0,1,19,0,0,0,0,0,0,1,0,0,0,0,0,0
0,1,40.657328,-73.868777,1,1,1,1,7,0,13,0,0,18,1,0,0,0,0,0,0,0,0,1,0,0,0
0,1,40.756239,-73.961505,20,20,20,1,8,10,25,0,0,19,0,1,0,0,0,0,0,0,0,1,0,0,0
0,1,40.748068,-73.95667,2,2,2,1,2,0,28,0,0,17,0,0,1,0,0,1,0,0,0,0,0,0,0
0,1,40.704343,-73.959104,2,2,2,0,3,0,19,0,1,19,1,0,0,0,0,0,1,0,0,0,0,0,0
0,2,40.666803,-73.983148,8,8,8,0,8,6,26,1,0,19,1,0,0,0,1,0,0,0,0,0,0,0,0
0,1,40.689883,-73.979793,15,15,15,0,15,0,19,0,1,19,1,0,0,0,0,0,0,0,0,1,0,0,0
0,1,40.684815,-73.923593,30,30,30,1,28,23,14,0,0,17,1,0,0,0,0,0,0,0,0,1,0,0,0
1,0,40.75257345520607,-73.9649185487171,7,5,8,1,11,11,37,1,1,19,0,0,0,1,0,0,1,0,0,0,0,0,0
0,1,40.580357,-73.976164,8,8,8,1,10,0,20,0,1,18,1,0,0,0,0,0,0,0,0,1,1,0,0
0,0,40.69691,-73.960735,1,1,1,0,7,34,21,0,0,18,1,0,0,0,0,0,0,0,0,0,1,0,0
0,0,40.814603,-73.938039,42,42,42,0,21,0,19,0,1,18,0,1,0,0,1,0,0,0,0,0,1,0,0
0,1,40.772885,-73.979865,39,39,39,1,-2,0,16,0,1,18,0,1,0,0,0,0,1,0,0,0,0,0,0
0,1,40.842746,-73.925602,2,2,2,0,27,3,17,0,1,19,0,0,0,0,0,1,0,0,0,0,0,0,0
0,1,40.75472,-73.968172,45,45,45,1,8,44,15,0,1,19,0,1,0,0,0,0,0,0,0,1,0,0,0
0,1,40.736546,-73.99488,1,1,1,1,2,0,25,0,0,18,0,1,0,0,0,0,0,0,0,1,0,0,0
1,1,40.834018837821326,-74.05874629907221,49,4,1,0,12,2,22,1,1,19,1,0,0,0,0,0,0,0,0,1,0,0,0
0,1,40.761118,-73.969609,59,59,59,0,24,1,12,0,1,18,0,1,0,0,0,0,0,0,0,1,0,0,0
0,1,40.731774,-73.9604,9,7,7,0,16,0,12,0,1,19,1,0,0,0,0,0,0,0,0,1,0,0,0
0,0,40.726821,-74.008944,3,3,3,0,4,0,22,0,0,19,0,1,0,0,1,0,0,0,0,0,1,0,0
0,1,40.835683,-73.882143,3,3,3,0,-2,2,17,0,0,18,0,0,0,0,0,0,0,0,0,1,0,0,0
1,0,40.54833006085868,-74.04575592394839,34,7,1,1,26,0,26,1,1,19,0,0,0,1,0,0,0,0,0,1,0,0,0
0,0,40.676712,-74.01485,9,7,7,0,20,0,18,0,0,18,1,0,0,0,0,0,0,1,0,0,1,0,0
0,0,40.66479,-73.950982,9,7,7,0,21,0,17,0,0,19,1,0,0,0,0,1,0,0,0,0,1,0,0
0,0,40.70729,-73.794633,8,8,8,1,-1,0,27,0,1,19,0,0,1,0,0,0,1,0,0,0,1,0,0
0,1,40.770899,-73.98874,9,9,9,0,12,18,30,0,1,19,0,1,0,0,0,0,1,0,0,0,0,0,0
0,0,40.800833,-73.944218,12,12,12,1,21,0,7,0,0,19,0,1,0,0,1,0,0,0,0,0,1,0,0
0,1,40.74817,-73.938805,34,34,34,0,25,0,14,0,1,19,0,0,1,0,0,0,0,0,0,1,0,0,0
0,0,40.748281,-73.982092,9,9,9,1,21,0,16,0,0,19,0,1,0,0,0,0,0,0,0,0,0,0,1
0,1,40.816046,-73.931166,4,4,4,1,27,0,12,0,1,18,0,0,0,0,0,0,0,0,0,1,0,0,0
0,1,40.772467,-73.957051,12,12,12,1,20,0,16,0,0,17,0,1,0,0,0,0,0,0,0,1,0,0,0
0,1,40.705774,-74.008869,70,70,70,1,-3,0,6,0,0,18,0,1,0,0,0,0,0,0,0,1,0,0,0
0,1,40.865701,-73.892213,9,7,7,0,18,2,13,0,0,18,0,0,0,0,0,0,0,0,0,1,0,0,0
0,1,40.740207,-73.994778,22,22,22,0,0,4,13,0,0,18,0,1,0,0,0,0,0,0,0,1,0,0,0
0,0,40.690498,-73.958928,13,13,13,1,5,0,13,0,0,19,1,0,0,0,0,0,0,1,0,0,1,0,0
0,1,40.842746,-73.925602,2,2,2,0,6,0,18,0,1,18,0,0,0,0,0,0,1,0,0,0,0,0,0
0,1,40.57762,-73.990378,21,21,21,1,19,0,16,0,0,18,1,0,0,0,0,0,0,1,0,0,0,0,0
0,0,40.635957,-73.980378,25,25,25,1,6,4,42,0,0,19,1,0,0,0,0,0,1,0,0,0,1,0,0
0,1,40.805223,-73.885975,2,2,2,0,8,43,16,0,1,19,0,0,0,0,0,0,1,0,0,0,0,0,0
0,1,40.689356,-73.978567,27,27,27,1,9,4,26,0,1,19,1,0,0,0,0,0,0,0,0,1,0,0,0
1,0,40.668293,-73.979237,88,88,88,0,-8,0,10,1,1,19,1,0,0,0,0,0,0,0,0,1,0,0,0
0,1,40.815974,-73.958569,10,10,10,1,3,6,21,0,1,18,0,1,0,0,0,0,0,0,0,1,0,0,0
0,1,40.702309,-73.983698,1,1,1,0,26,0,30,0,1,18,1,0,0,0,0,0,1,0,0,0,0,0,0
0,1,40.844082,-73.916359,27,27,27,1,22,0,24,0,0,18,0,0,0,0,1,0,0,0,0,0,0,0,0
0,1,40.845745,-73.917105,5,5,5,0,0,0,23,0,1,19,0,0,0,0,1,0,0,0,0,0,0,0,0
1,0,40.8357048575698,-73.8616715466385,47,5,4,1,9,1,31,1,1,18,0,0,0,0,0,0,0,0,0,1,0,0,0
0,1,40.634462,-74.118439,2,2,2,0,3,0,23,0,0,19,0,0,0,1,0,0,0,0,0,1,1,0,0
0,1,40.676375,-74.006861,13,13,13,1,26,0,39,0,0,18,1,0,0,0,0,0,1,0,0,0,0,0,0
0,1,40.863178,-73.917911,4,4,4,1,22,1,18,0,1,18,0,1,0,0,0,0,0,0,0,1,0,0,0
0,0,40.680445,-73.988802,1,1,1,1,17,0,15,0,0,19,1,0,0,0,0,1,0,0,0,0,1,0,0
0,1,40.755575,-73.836625,11,11,11,1,26,4,24,0,0,18,0,0,1,0,0,0,0,0,0,1,0,0,0
0,0,40.639423,-73.90724,1,1,1,1,3,0,14,0,0,19,1,0,0,0,0,0,0,1,0,0,1,0,0
0,1,40.756628,-73.986287,73,73,73,0,20,3,18,0,0,18,0,1,0,0,0,0,0,0,0,1,0,0,0
0,1,40.675235,-73.904872,2,2,2,0,22,3,15,0,1,19,1,0,0,0,0,0,1,0,0,0,0,0,0
0,0,40.794223,-73.942732,1,1,1,0,-9,0,8,0,1,19,0,1,0,0,0,0,0,1,0,0,1,0,0
0,1,40.871842,-73.893573,10,10,10,0,10,0,24,0,0,17,0,0,0,0,0,0,0,0,0,1,0,0,0
1,0,40.88321574561648,-74.02833443651781,32,2,7,0,24,0,4,1,1,18,0,0,1,0,0,0,0,0,1,0,0,0,0
0,1,40.629401,-73.999481,6,6,6,0,2,2,16,0,0,17,1,0,0,0,1,0,0,0,0,0,0,0,0
0,0,40.753055,-73.871634,6,6,6,0,24,4,21,0,0,19,0,0,1,0,0,0,1,0,0,0,1,0,0
0,1,40.751394,-73.986635,11,11,11,0,20,4,20,0,1,19,0,1,0,0,0,0,0,0,0,1,0,0,0
0,1,40.76317,-73.996596,6,6,6,0,17,0,9,0,0,19,0,1,0,0,0,0,0,0,0,1,0,0,0
0,1,40.679847,-73.989613,22,22,22,0,18,6,15,0,1,18,1,0,0,0,0,0,1,0,0,0,0,0,0
0,0,40.879381,-73.908648,5,5,5,1,11,0,15,0,0,19,0,0,0,0,0,0,0,1,0,0,1,0,0
0,1,40.743502,-73.95808,2,2,2,0,1,0,21,0,1,19,0,0,1,0,0,0,0,0,0,1,0,0,0
0,1,40.744483,-73.985337,18,18,18,0,1,0,7,0,1,17,0,1,0,0,0,0,1,0,0,0,0,0,0
0,1,40.754162,-73.976557,365,365,365,0,27,3,29,0,0,19,0,1,0,0,0,0,1,0,0,0,0,0,0
0,0,40.762605,-73.97846,281,281,281,0,13,14,24,0,1,2,0,1,0,0,1,0,0,0,0,0,1,0,0
0,0,40.651471,-73.95386,1,1,1,1,22,27,39,0,1,19,1,0,0,0,0,0,1,0,0,0,1,0,0
0,1,40.75973,-73.970303,19,19,19,0,10,12,20,0,1,18,0,1,0,0,0,0,0,0,0,1,0,0,0
0,1,40.680609,-73.952845,15,15,15,0,19,0,19,0,1,17,1,0,0,0,0,0,0,0,0,1,0,0,0
0,1,40.579868,-73.973025,42,42,42,1,21,0,18,0,1,17,1,0,0,0,0,0,1,0,0,0,0,0,0
0,1,40.757978,-73.979783,27,27,27,0,32,0,9,0,1,19,0,1,0,0,0,0,0,0,0,1,0,0,0
0,0,40.613915,-73.973963,4,4,4,1,10,7,36,0,0,19,1,0,0,0,0,0,1,0,0,0,1,0,0
0,0,40.820236,-73.929612,9,9,9,1,0,9,13,0,1,19,0,0,0,0,0,0,0,1,0,0,1,0,0
1,0,40.756648,-73.974358,138,138,138,1,1,0,24,1,1,19,0,1,0,0,0,0,0,0,0,1,0,0,0
1,1,40.764639384904,-74.05966238453064,15,2,4,0,3,0,22,1,1,18,0,0,0,1,1,0,0,0,0,0,0,0,0
0,1,40.757406,-74.000787,24,24,24,0,0,0,23,0,1,17,0,1,0,0,0,0,1,0,0,0,0,0,0
1,0,40.816046,-73.931166,4,4,4,1,0,4,13,1,1,18,0,0,0,0,0,0,0,0,0,0,0,0,0
0,1,40.686441,-73.979498,3,3,3,0,3,0,19,0,0,19,1,0,0,0,1,0,0,0,0,0,0,0,0
1,0,40.76520402947208,-73.78063217922386,33,6,7,0,11,1,12,1,1,18,0,0,0,1,1,0,0,0,0,0,0,0,0
0,0,40.74817,-73.938805,34,34,34,0,17,0,19,0,1,18,0,0,1,0,0,0,1,0,0,0,1,0,0
0,0,40.71793,-74.014523,15,15,15,1,21,0,13,0,1,19,0,1,0,0,1,0,0,0,0,0,1,0,0
0,1,40.679223,-73.981829,30,30,30,1,18,1,12,0,1,17,1,0,0,0,0,0,0,0,0,1,0,0,0
0,1,40.838458,-73.920338,7,7,7,0,-6,0,17,0,1,18,0,0,0,0,0,0,1,0,0,0,0,0,0
0,1,40.739918,-73.947213,4,4,4,0,22,0,19,0,1,18,0,0,1,0,0,0,1,0,0,0,0,0,0
0,1,40.713846,-74.013812,83,83,83,0,20,0,13,0,0,18,0,1,0,0,0,0,0,0,0,1,0,0,0
0,1,40.669079,-73.98637,32,32,32,0,22,0,21,0,1,19,1,0,0,0,0,0,0,0,0,1,0,0,0
0,1,40.845745,-73.917105,5,5,5,0,21,28,15,0,1,19,0,0,0,0,0,0,0,0,0,1,0,0,0
0,1,40.732953,-73.993635,4,4,4,1,21,0,31,0,1,19,0,1,0,0,0,0,1,0,0,0,0,0,0
0,1,40.757519,-73.975827,195,195,195,0,5,0,21,0,0,18,0,1,0,0,0,0,0,0,0,1,0,0,0
0,1,40.655503,-73.948826,2,2,2,0,23,0,16,0,1,18,1,0,0,0,0,0,0,0,0,1,0,0,0
0,0,40.632269,-74.151134,1,1,1,0,3,0,19,0,0,19,0,0,0,1,0,0,1,0,0,0,1,0,0
0,1,40.764459,-73.828892,1,1,1,0,-1,0,23,0,1,19,0,0,1,0,0,0,0,0,0,1,0,0,0
0,1,40.644423,-73.995579,1,1,1,1,17,0,23,0,0,19,1,0,0,0,0,1,0,0,0,0,0,0,0
0,1,40.755641,-73.975109,92,92,92,0,11,0,6,0,1,3,0,1,0,0,0,0,1,0,0,0,0,0,0
0,1,40.625344,-73.995029,12,12,12,1,25,1,24,0,0,19,1,0,0,0,0,0,0,0,0,1,0,0,0
0,0,40.750288,-73.973288,53,53,53,0,15,11,11,0,1,18,0,1,0,0,1,0,0,0,0,0,1,0,0
0,0,40.695235,-73.943945,2,2,2,1,9,0,24,0,1,2,1,0,0,0,0,0,1,0,0,0,1,0,0
0,1,40.769614,-73.989722,24,24,24,0,6,13,15,0,0,19,0,1,0,0,0,0,1,0,0,0,0,0,0
0,1,40.656983,-73.90555,2,2,2,1,19,0,19,0,0,19,1,0,0,0,0,0,0,0,0,0,0,0,0
0,1,40.755237,-73.992864,30,30,30,1,-3,0,10,0,0,19,0,1,0,0,0,0,0,0,0,1,0,0,0
0,1,40.757406,-74.000787,24,24,24,0,5,1,25,0,1,3,0,1,0,0,0,0,0,1,0,0,0,0,0
0,1,40.62316,-74.040648,9,9,9,0,18,0,21,0,0,19,1,0,0,0,0,0,0,0,0,1,0,0,0
0,1,40.59089,-73.981194,4,4,4,1,8,0,19,0,0,19,1,0,0,0,0,0,1,0,0,0,0,0,0
1,0,40.66108615492951,-73.78160361344167,27,9,8,0,22,10,28,1,1,19,0,0,0,0,1,0,0,0,0,0,0,0,0
1,0,40.87500147746801,-74.22082802021706,22,7,5,0,17,10,18,1,1,19,1,0,0,0,0,0,1,0,0,0,0,0,0
0,1,40.672751,-73.960832,1,1,1,1,14,39,35,0,0,19,1,0,0,0,0,0,0,0,0,1,0,0,0
1,2,40.80487365198743,-74.22809536903254,11,7,2,1,19,0,19,2,1,17,0,0,0,0,0,0,0,0,0,1,0,0,0
0,1,40.677701,-73.995158,2,2,2,0,20,0,15,0,1,18,1,0,0,0,0,0,0,0,0,1,0,0,0
0,1,40.805639,-73.924596,3,3,3,0,21,0,19,0,0,18,0,0,0,0,0,0,0,0,0,1,0,0,0
0,0,40.709647,-73.95465,8,8,8,0,2,0,20,0,0,19,1,0,0,0,0,0,1,0,0,0,1,0,0
0,1,40.762123,-73.970389,28,28,28,1,19,0,17,0,0,19,0,1,0,0,0,0,0,0,0,1,0,0,0
0,0,40.749087,-74.005396,19,19,19,1,7,0,34,0,0,18,0,1,0,0,0,0,1,0,0,0,1,0,0
0,1,40.750288,-73.973288,53,53,53,0,20,0,10,0,1,17,0,1,0,0,0,0,0,0,0,1,0,0,0
0,1,40.689356,-73.978567,27,27,27,1,-1,0,14,0,1,19,1,0,0,0,1,0,0,0,0,0,0,0,0
0,1,40.747075,-73.939149,10,10,10,0,17,0,14,0,1,18,0,0,1,0,1,0,0,0,0,0,0,0,0
0,0,40.619036,-73.932965,4,4,4,0,14,0,13,0,0,19,1,0,0,0,0,0,1,0,0,0,1,0,0
0,1,40.752027,-73.939299,10,10,10,1,27,0,17,0,1,19,0,0,1,0,0,0,0,0,0,1,0,0,0
0,0,40.689285,-73.979418,9,7,7,0,17,0,12,0,1,19,1,0,0,0,0,0,0,1,0,0,1,0,0
0,0,40.822884,-73.857564,7,7,7,1,8,0,24,0,1,3,0,0,0,0,0,0,1,0,0,0,0,0,1
0,2,40.634019,-73.947574,3,3,3,1,-4,0,20,1,0,17,1,0,0,0,1,0,0,0,0,0,0,0,0
0,1,40.707847,-73.800871,9,7,7,0,1,0,18,0,0,19,0,0,1,0,0,0,0,0,0,1,0,0,0
0,0,40.660872,-73.991137,24,24,24,1,22,0,21,0,0,19,1,0,0,0,0,0,1,0,0,0,1,0,0
0,1,40.814265,-73.947219,6,6,6,1,20,18,12,0,1,17,0,1,0,0,0,0,0,0,0,1,0,0,0
0,1,40.747551,-73.94113,2,2,2,0,23,5,18,0,1,19,0,0,1,0,0,0,1,0,0,0,0,0,1
0,0,40.758831,-73.93938,3,3,3,0,-2,3,19,0,0,3,0,0,1,0,0,0,1,0,0,0,1,0,0
0,1,40.772632,-73.952462,1,1,1,1,0,0,13,0,1,17,0,1,0,0,1,0,0,0,0,0,0,0,0
0,0,40.679847,-73.989613,22,22,22,0,9,26,43,0,1,18,1,0,0,0,1,0,0,0,0,0,1,0,0
0,1,40.678027,-73.986657,1,1,1,1,-2,10,24,0,1,17,1,0,0,0,0,0,0,0,0,1,0,0,0
0,1,40.747551,-73.94113,2,2,2,0,8,0,18,0,1,18,0,0,1,0,0,0,0,0,0,1,0,0,0
0,1,40.859417,-73.891128,35,35,35,1,15,15,35,0,1,18,0,0,0,0,0,0,0,0,0,1,0,0,0
0,1,40.596108,-73.767699,13,13,13,1,3,0,28,0,0,17,0,0,1,0,0,0,0,0,0,1,0,0,0
0,1,40.671537,-73.907191,9,7,7,0,22,9,20,0,1,18,1,0,0,0,0,1,0,0,0,0,0,0,0
0,0,40.708158,-73.904619,12,12,12,0,6,0,14,0,0,2,0,0,1,0,0,0,1,0,0,0,1,0,0
0,1,40.735668,-73.957396,15,15,15,1,29,6,28,0,1,17,1,0,0,0,0,0,0,0,0,1,0,0,0
1,0,40.89302470708706,-74.19156679860446,27,2,9,1,15,0,30,1,1,19,0,0,1,0,0,0,0,0,1,0,0,0,0
0,0,40.810179,-73.963608,8,8,8,0,-4,0,31,0,1,19,0,1,0,0,0,1,0,0,0,0,1,0,0
0,1,40.794223,-73.942732,1,1,1,0,27,0,20,0,1,19,0,1,0,0,0,0,0,0,0,1,0,0,0
0,1,40.726245,-73.958095,2,2,2,0,4,0,14,0,1,18,1,0,0,0,0,0,0,0,0,1,0,0,0
1,0,40.803469435108894,-74.18963448832528,19,1,4,1,16,3,18,1,1,18,0,0,0,1,0,0,1,0,0,0,0,0,0
0,1,40.765045,-73.996552,14,14,14,0,17,0,14,0,1,18,0,1,0,0,0,0,0,0,0,1,0,0,0
0,1,40.689889,-73.979937,15,15,15,0,15,0,23,0,1,3,1,0,0,0,0,0,1,0,0,0,0,0,0
0,0,40.730785,-73.995486,20,20,20,1,7,3,26,0,0,17,0,1,0,0,0,0,0,1,0,0,1,0,0
0,0,40.647848,-73.972515,1,1,1,1,15,0,14,0,0,19,1,0,0,0,0,0,0,0,0,0,1,0,0
1,1,40.69811084709997,-73.92948904568784,41,3,2,1,0,0,9,1,1,19,0,1,0,0,0,0,0,0,0,1,0,0,0
0,1,40.693625,-73.969939,6,6,6,0,18,0,21,0,0,19,1,0,0,0,1,0,0,0,0,0,0,0,0
0,1,40.680192,-73.98609,1,1,1,1,-9,0,21,0,1,17,1,0,0,0,0,0,1,0,0,0,1,0,0
0,1,40.757978,-73.979783,27,27,27,0,8,21,18,0,1,19,0,1,0,0,1,0,0,0,0,0,0,0,0
0,1,40.680192,-73.98609,1,1,1,1,10,0,14,0,1,19,1,0,0,0,0,0,1,0,0,0,0,0,0
1,0,40.671837,-73.856675,5,5,5,0,26,0,16,1,0,18,0,0,1,0,0,0,0,0,0,1,0,0,0
0,1,40.793971,-73.942403,5,5,5,0,25,39,15,0,1,17,0,1,0,0,0,0,1,0,0,0,0,0,0
0,0,40.688896,-73.989969,45,45,45,0,10,0,12,0,1,18,1,0,0,0,1,0,0,0,0,0,1,0,0
0,1,40.812239,-73.954005,4,4,4,1,25,0,32,0,0,17,0,1,0,0,0,0,0,0,0,1,0,0,0
1,2,40.59894629864567,-73.98784668977278,40,1,7,0,4,1,7,2,1,3,1,0,0,0,1,0,0,0,0,0,0,0,0
0,0,40.671546,-73.940901,3,3,3,0,17,0,18,0,1,17,1,0,0,0,0,0,1,0,0,0,1,0,0
0,1,40.74078,-73.987741,264,264,264,0,20,0,21,0,1,18,0,1,0,0,0,0,1,0,0,0,0,0,0
0,1,40.705914,-74.008609,118,118,118,0,0,0,14,0,1,18,0,1,0,0,0,0,0,0,0,1,0,0,0
0,0,40.853406,-73.906244,1,1,1,0,1,0,23,0,0,19,0,0,0,0,1,0,0,0,0,0,1,0,0
0,1,40.676365,-73.888452,14,14,14,1,-2,3,18,0,0,18,1,0,0,0,0,0,0,0,0,1,0,0,0
0,1,40.668878,-73.985722,32,32,32,0,-10,0,11,0,1,17,1,0,0,0,0,0,0,0,0,1,0,0,0
0,1,40.741858,-73.907397,6,6,6,0,7,1,19,0,1,19,0,0,1,0,0,0,0,0,0,1,0,0,0
0,1,40.698786,-73.805464,4,4,4,1,5,0,22,0,0,17,0,0,1,0,0,0,1,0,0,0,0,0,0
0,1,40.661748,-73.927833,4,4,4,1,26,0,14,0,1,19,1,0,0,0,0,0,0,0,0,1,1,0,0
0,1,40.755641,-73.975109,92,92,92,0,8,0,23,0,1,19,0,1,0,0,0,0,1,0,0,0,0,0,0
0,1,40.757406,-74.000787,24,24,24,0,17,0,16,0,1,19,0,1,0,0,0,0,0,0,0,1,0,0,0
0,1,40.727337,-73.992073,5,5,5,0,4,0,22,0,1,19,0,1,0,0,0,0,1,0,0,0,0,0,0
0,1,40.845745,-73.917105,9,9,9,1,15,21,15,0,0,17,0,0,0,0,0,0,0,0,0,1,0,0,0
0,1,40.74817,-73.938805,34,34,34,0,24,0,11,0,1,19,0,0,1,0,0,0,0,0,0,1,0,0,0
0,1,40.749905,-73.903311,2,2,2,0,-4,0,13,0,0,18,0,0,1,0,0,1,0,0,0,0,0,0,0
0,1,40.708677,-74.014197,4,4,4,0,5,0,13,0,0,3,0,1,0,0,0,0,0,0,0,1,0,0,0
0,0,40.67921,-73.987691,1,1,1,0,-2,10,24,0,0,17,1,0,0,0,0,0,0,0,0,0,1,0,0
0,1,40.703026,-74.011202,120,120,120,0,23,18,15,0,1,18,0,1,0,0,0,0,1,0,0,0,0,0,0
0,1,40.697908,-73.807191,7,7,7,1,10,7,24,0,0,19,0,0,1,0,0,0,1,0,0,0,0,0,0
0,1,40.761118,-73.969609,59,59,59,0,4,0,25,0,1,17,0,1,0,0,0,0,0,0,0,1,0,0,0
0,1,40.731774,-73.9604,8,8,8,1,22,0,27,0,1,18,1,0,0,0,0,0,1,0,0,0,1,0,0
0,0,40.705911,-73.793707,4,4,4,0,5,0,15,0,0,18,0,0,1,0,0,0,1,0,0,0,1,0,0
0,1,40.805223,-73.885975,2,2,2,0,5,0,10,0,1,19,0,0,0,0,0,0,1,0,0,0,0,0,0
0,1,40.702309,-73.983698,1,1,1,0,22,27,39,0,1,19,1,0,0,0,0,0,1,0,0,0,0,0,0
0,1,40.734481,-73.954532,9,9,9,1,-2,1,15,0,1,19,1,0,0,0,0,0,0,0,0,1,0,0,0
0,0,40.668931,-73.837223,9,9,9,0,14,0,18,0,0,19,0,0,1,0,0,0,0,0,0,0,1,0,0
0,1,40.845938,-73.906561,9,7,7,0,17,0,13,0,0,18,0,0,0,0,0,1,0,0,0,0,0,0,0
1,1,40.88459276768762,-73.81628244682857,2,8,3,0,6,1,23,1,1,18,1,0,0,0,1,0,0,0,0,0,0,0,0
0,1,40.836723,-73.924835,15,15,15,1,8,0,19,0,0,19,0,0,0,0,0,0,0,0,0,1,1,0,0
0,1,40.729212,-74.009316,1,1,1,1,20,0,15,0,1,18,0,1,0,0,1,0,0,0,0,0,0,0,0
0,1,40.751394,-73.986635,11,11,11,0,11,0,27,0,1,18,0,1,0,0,0,0,0,0,0,1,0,0,0
0,1,40.579868,-73.973025,42,42,42,1,25,6,16,0,1,19,1,0,0,0,0,0,0,0,0,1,0,0,0
0,0,40.719298,-73.957092,1,1,1,1,21,0,12,0,1,18,1,0,0,0,0,0,1,0,0,0,1,0,0
0,1,40.690852,-73.951673,40,40,40,1,0,4,13,0,0,18,1,0,0,0,0,0,0,0,0,1,0,0,0
0,0,40.679652,-73.987035,8,8,8,0,13,0,20,0,0,17,1,0,0,0,0,0,0,1,0,0,1,0,0
0,0,40.716953,-73.990819,6,6,6,1,2,3,10,0,0,18,0,1,0,0,0,0,0,1,0,0,1,0,0
0,1,40.863178,-73.917911,9,7,7,0,18,0,16,0,0,18,0,1,0,0,0,0,0,0,0,1,0,0,0
0,1,40.705427,-73.951825,2,2,2,0,1,0,14,0,1,18,1,0,0,0,0,0,0,0,0,0,0,0,0
0,0,40.74201,-73.918919,19,19,19,1,13,10,39,0,0,18,0,0,1,0,0,0,0,1,0,0,1,0,0
0,1,40.745817,-73.972016,18,18,18,0,17,0,23,0,1,19,0,1,0,0,0,0,0,0,0,1,0,0,0
1,2,40.677115185361366,-74.11466710420376,45,4,1,1,22,6,24,2,1,19,0,0,0,1,0,0,1,0,0,0,0,0,0
0,1,40.70729,-73.794633,8,8,8,1,0,0,15,0,1,18,0,0,1,0,0,0,0,1,0,0,0,0,0
0,1,40.671537,-73.907191,9,9,9,1,-4,0,16,0,1,18,1,0,0,0,0,0,0,0,0,1,0,0,0
0,0,40.858509,-73.886274,1,1,1,1,-8,0,9,0,1,19,0,0,0,0,0,0,1,0,0,0,1,0,0
0,1,40.747563,-73.996849,21,21,21,0,19,3,15,0,1,19,0,1,0,0,1,0,0,0,0,0,0,0,0
0,1,40.60659,-73.750419,1,1,1,1,22,0,12,0,1,3,0,0,1,0,0,0,1,0,0,0,0,0,0
1,0,40.760525,-73.833974,3,3,3,0,-1,0,13,1,1,19,0,0,1,0,0,0,0,0,0,1,0,0,0
0,0,40.705367,-73.95295,1,1,1,1,17,0,15,0,0,18,1,0,0,0,0,0,1,0,0,0,1,0,0
0,0,40.737575,-74.003219,2,2,2,1,10,0,16,0,0,19,0,1,0,0,0,0,0,1,0,0,1,0,0
0,1,40.668292,-73.796011,3,3,3,0,30,1,13,0,0,18,0,0,1,0,0,0,1,0,0,0,0,0,0
1,1,40.79698274207464,-74.00702182973991,41,1,8,0,10,7,16,1,1,18,0,0,1,0,0,0,1,0,0,0,0,0,0
0,1,40.677884,-73.988402,4,4,4,0,8,0,26,0,1,3,1,0,0,0,0,0,1,0,0,0,0,0,0
0,1,40.735419,-73.95985,1,1,1,1,9,8,22,0,1,19,1,0,0,0,0,0,0,0,0,1,0,0,0
0,0,40.741822,-73.965787,9,7,7,0,13,0,18,0,0,18,1,0,0,0,0,0,1,0,0,0,0,0,1
0,1,40.759812,-73.969957,2,2,2,0,1,0,16,0,1,19,0,1,0,0,0,0,1,0,0,0,0,0,0
0,0,40.626019,-74.010728,1,1,1,1,7,0,24,0,0,19,1,0,0,0,0,0,1,0,0,0,1,0,0
0,1,40.885358,-73.898409,2,2,2,0,4,0,15,0,0,17,0,0,0,0,0,0,0,0,0,1,0,0,0
0,2,40.678707,-73.986343,1,1,1,0,-1,0,26,1,0,18,1,0,0,0,0,0,0,0,0,1,0,0,0
0,1,40.80723,-73.911539,54,54,54,1,1,0,12,0,1,18,0,0,0,0,0,0,0,0,0,1,0,0,0
0,1,40.689285,-73.979418,3,3,3,0,16,0,23,0,0,17,1,0,0,0,0,0,0,0,0,1,0,0,0
0,0,40.760154,-73.97601,44,44,44,0,-2,0,13,0,1,19,0,1,0,0,1,0,0,0,0,0,1,0,0
0,1,40.738263,-73.940676,4,4,4,0,19,0,19,0,1,18,0,0,1,0,0,0,0,0,0,1,0,0,0
0,1,40.741822,-73.965787,9,7,7,0,13,0,18,0,1,19,0,0,1,0,0,0,1,0,0,0,0,0,0
0,1,40.694502,-73.977995,4,4,4,0,11,0,23,0,0,18,1,0,0,0,0,0,0,0,0,1,0,0,0
0,1,40.745081,-73.987019,11,11,11,1,5,0,9,0,1,18,0,1,0,0,1,0,0,0,0,0,0,0,0
0,0,40.751077,-73.934612,2,2,2,0,4,0,17,0,0,18,0,0,1,0,0,0,1,0,0,0,1,0,0
1,2,40.88926193408837,-73.8292960021671,43,5,1,1,5,2,24,2,1,19,0,0,0,0,0,0,1,0,0,0,0,0,0
0,1,40.672347,-73.946733,14,14,14,1,-2,0,14,0,1,17,1,0,0,0,0,0,0,0,0,1,0,0,0
0,1,40.752027,-73.939299,10,10,10,1,3,0,16,0,1,19,0,0,1,0,1,0,0,0,0,0,0,0,0
0,1,40.762023,-73.975782,86,86,86,1,13,18,32,0,1,18,0,1,0,0,0,0,0,0,0,1,0,0,0
0,1,40.707437,-74.013194,15,15,15,1,18,3,10,0,0,19,0,1,0,0,0,1,0,0,0,0,0,0,0
0,1,40.75217,-73.93534,4,4,4,0,1,1,15,0,0,18,0,0,1,0,0,0,0,0,0,1,0,0,0
0,1,40.760458,-73.991499,8,8,8,0,9,0,26,0,0,17,0,1,0,0,0,0,0,0,0,1,0,0,0
1,0,40.79135693864488,-74.10263700098255,46,5,6,0,18,2,5,1,1,19,0,0,0,1,0,0,1,0,0,0,0,0,0
0,0,40.62813,-73.973672,9,7,7,0,24,0,16,0,0,18,1,0,0,0,0,0,1,0,0,0,1,0,0
0,2,40.667813,-73.789258,15,15,15,0,14,0,18,1,1,19,0,0,1,0,0,0,0,0,0,0,0,0,0
0,1,40.813898,-73.890537,12,12,12,1,23,0,15,0,0,18,0,0,0,0,0,0,1,0,0,0,0,0,0
0,0,40.709006,-73.946841,34,34,34,1,22,0,26,0,0,19,1,0,0,0,0,0,1,0,0,0,1,0,0
0,1,40.754421,-73.980213,8,8,8,0,16,26,17,0,1,18,0,1,0,0,0,0,0,0,0,1,0,0,0
1,2,40.56742157545185,-73.77292099308393,28,8,7,1,-21,5,17,2,1,19,0,1,0,0,0,0,0,0,1,0,0,0,0
0,1,40.86403,-73.916804,6,6,6,1,1,0,11,0,1,18,0,1,0,0,0,1,0,0,0,0,0,0,0
0,1,40.709174,-74.013057,32,32,32,1,5,7,11,0,1,19,0,1,0,0,0,0,0,0,0,1,0,0,0
0,1,40.579868,-73.973025,42,42,42,1,0,0,27,0,1,18,1,0,0,0,0,0,0,0,0,1,0,0,0
1,2,40.86219676798023,-73.84443358175005,45,7,9,0,15,0,27,2,1,17,0,1,0,0,1,0,0,0,0,0,0,0,0
0,1,40.748365,-73.944557,22,22,22,1,17,0,16,0,1,19,0,0,1,0,0,0,0,0,0,1,0,0,0
0,1,40.713782,-73.967211,2,2,2,0,0,0,25,0,0,19,1,0,0,0,0,0,0,0,0,1,0,0,0
0,1,40.741858,-73.907397,6,6,6,0,-7,0,15,0,1,19,0,0,1,0,0,0,0,0,0,1,0,0,0
0,1,40.765676,-73.924601,1,1,1,1,29,4,16,0,1,18,0,0,1,0,0,0,0,0,0,1,0,0,0
0,0,40.679504,-73.956678,12,12,12,0,19,0,11,0,1,17,1,0,0,0,0,0,1,0,0,0,0,0,1
0,1,40.704553,-74.006636,97,97,97,0,-13,0,18,0,0,3,0,1,0,0,0,0,1,0,0,0,1,0,0
0,1,40.695332,-73.982413,1,1,1,1,27,2,19,0,1,19,1,0,0,0,0,0,0,0,0,1,0,0,0
0,1,40.877114,-73.874219,20,20,20,1,9,0,18,0,0,17,0,0,0,0,0,0,0,0,0,1,0,0,0
1,2,40.84741394091234,-73.8904354898569,20,4,6,1,11,0,30,2,1,17,0,1,0,0,1,0,0,0,0,0,0,0,0
0,1,40.815931,-73.905184,9,7,7,0,0,9,13,0,1,19,0,0,0,0,0,0,0,0,0,1,0,0,0
0,1,40.863599,-73.916537,6,6,6,1,21,0,23,0,1,17,0,1,0,0,0,0,0,0,0,1,0,0,0
0,0,40.764592,-73.966052,45,45,45,1,21,1,20,0,0,19,0,1,0,0,0,0,1,0,0,0,1,0,0
0,0,40.774698,-73.964357,2,2,2,1,-3,0,10,0,0,19,0,1,0,0,0,0,1,0,0,0,1,0,0
1,1,40.545066334917,-73.92663473793154,3,6,6,1,29,1,22,1,1,19,0,0,1,0,0,0,1,0,0,0,0,0,0
0,1,40.660189,-73.997527,17,17,17,0,9,0,15,0,0,19,1,0,0,0,1,0,0,0,0,0,0,0,0
0,1,40.754421,-73.980213,8,8,8,0,21,0,19,0,1,3,0,1,0,0,0,0,0,0,0,1,0,0,0
0,1,40.704645,-73.980975,3,3,3,0,16,0,23,0,0,17,1,0,0,0,0,0,1,0,0,0,0,0,0
0,0,40.678428,-73.98975,10,10,10,1,13,0,20,0,1,17,1,0,0,0,0,1,0,0,0,0,1,0,0
0,1,40.771378,-73.953405,3,3,3,0,2,0,22,0,0,19,0,1,0,0,0,0,0,0,0,1,0,0,0
0,0,40.659028,-73.995852,2,2,2,0,7,17,20,0,1,17,1,0,0,0,0,0,1,0,0,0,1,0,0
0,1,40.863178,-73.917911,4,4,4,1,20,0,13,0,1,18,0,1,0,0,0,0,0,0,0,1,0,0,0
0,0,40.665042,-73.976491,11,11,11,0,21,0,17,0,1,19,1,0,0,0,0,0,1,0,0,0,1,0,0
1,2,40.84035373806958,-73.91310069394441,48,3,2,0,5,5,20,2,1,19,0,0,1,0,0,0,0,0,0,1,0,0,0
0,1,40.721548,-73.992096,4,4,4,0,15,14,39,0,1,18,0,1,0,0,0,0,1,0,0,0,0,0,0
0,1,40.839368,-73.918501,9,7,7,0,21,0,26,0,1,17,0,0,0,0,0,1,0,0,0,0,0,0,0
1,0,40.59784120133847,-74.05451997282937,44,9,2,0,0,0,27,1,1,18,0,0,1,0,0,0,0,0,0,1,0,0,0
0,1,40.771378,-73.959402,2,2,2,1,6,0,17,0,1,18,0,1,0,0,0,0,0,0,0,1,0,0,0
0,1,40.654072,-73.877782,6,6,6,1,15,0,17,0,0,17,1,0,0,0,0,0,1,0,0,0,0,0,0
0,1,40.732967,-73.975298,24,24,24,1,22,0,25,0,0,19,0,1,0,0,0,0,1,0,0,0,0,0,0
0,1,40.762713,-73.981261,62,62,62,1,4,0,22,0,0,19,0,1,0,0,0,0,0,0,0,1,0,0,0
0,1,40.732893,-73.996323,12,12,12,1,27,33,18,0,0,18,0,1,0,0,0,0,1,0,0,0,0,0,0
0,1,40.735668,-73.957396,15,15,15,1,22,0,20,0,1,19,1,0,0,0,0,0,0,0,0,1,0,0,0
0,1,40.707947,-73.968433,3,3,3,0,25,3,20,0,1,3,1,0,0,0,0,0,0,0,0,1,0,0,0
0,1,40.759546,-73.988095,51,51,51,0,1,0,14,0,1,18,0,1,0,0,1,0,0,0,0,0,0,0,0
0,0,40.772864,-73.947898,1,1,1,0,12,0,28,0,0,18,0,1,0,0,0,0,1,0,0,0,1,0,0
1,2,40.78952468865885,-73.90103824528188,39,4,8,0,2,1,14,2,1,19,0,0,0,1,0,0,0,0,1,0,0,0,0
0,1,40.739953,-73.958786,20,20,20,1,8,0,13,0,1,19,0,0,1,0,0,0,0,0,0,1,0,0,0
0,1,40.6472,-74.013777,2,2,2,1,26,0,40,0,0,18,1,0,0,0,0,0,0,0,0,1,0,0,0
0,1,40.864118,-73.916764,2,2,2,0,23,0,17,0,1,18,0,1,0,0,0,0,1,0,0,0,0,0,0
0,1,40.747551,-73.94113,2,2,2,0,2,0,11,0,1,18,0,0,1,0,0,0,0,0,0,1,0,0,0
0,1,40.823427,-73.887057,6,6,6,1,23,0,15,0,1,19,0,0,0,0,0,0,0,0,0,1,0,0,0
0,1,40.786594,-73.976488,8,8,8,1,8,0,17,0,1,19,0,1,0,0,0,0,0,0,0,1,0,0,0
0,1,40.760154,-73.97601,44,44,44,0,6,0,13,0,1,19,0,1,0,0,1,0,0,0,0,0,0,0,0
0,1,40.740485,-73.978998,7,7,7,1,25,37,15,0,0,17,0,1,0,0,0,0,1,0,0,0,0,0,0
0,1,40.742066,-73.974757,144,144,144,0,12,0,14,0,1,19,0,1,0,0,0,0,0,0,0,1,0,0,0
0,0,40.732624,-73.996092,14,14,14,1,8,6,25,0,1,19,0,1,0,0,0,0,0,0,0,0,1,0,0
0,2,40.803902,-73.920534,1,1,1,1,7,0,14,1,1,18,0,0,0,0,0,0,0,0,0,1,0,0,0
0,1,40.685511,-73.978525,1,1,1,1,13,0,20,0,0,17,1,0,0,0,0,0,0,0,0,1,0,0,0
0,1,40.759332,-73.972426,129,129,129,0,0,0,18,0,0,18,0,1,0,0,0,0,0,0,0,1,0,0,0
0,0,40.85037,-73.917222,14,14,14,1,24,17,45,0,0,18,0,0,0,0,0,1,0,0,0,0,1,0,0
0,1,40.746756,-73.972727,42,42,42,0,-11,0,8,0,1,17,0,1,0,0,0,0,0,0,0,1,0,0,0
0,1,40.707947,-73.968433,3,3,3,0,23,0,27,0,1,18,1,0,0,0,0,0,0,0,0,1,0,0,0
1,0,40.790355,-73.945573,3,3,3,0,21,0,13,1,0,18,0,1,0,0,0,0,1,0,0,0,0,0,0
0,0,40.672539,-73.981023,1,1,1,1,18,7,17,0,0,18,1,0,0,0,0,0,1,0,0,0,1,0,0
0,1,40.847574,-73.903653,7,7,7,1,25,39,15,0,0,17,0,0,0,0,0,0,1,0,0,0,0,0,0
0,1,40.747372,-73.952556,1,1,1,0,22,0,14,0,0,18,0,0,1,0,0,0,0,0,0,1,0,0,0
1,1,40.6019206937963,-74.03523851069305,24,4,5,1,21,2,25,1,1,19,0,0,0,0,1,0,0,0,0,0,0,0,0
0,1,40.760512,-73.971541,92,92,92,0,19,6,14,0,0,19,0,1,0,0,0,0,1,0,0,0,0,0,0
0,1,40.595204,-73.782638,8,8,8,1,5,3,16,0,1,18,0,0,1,0,0,0,0,0,0,1,0,0,0
1,0,40.752996,-73.883018,5,5,5,1,32,0,10,1,0,17,0,0,1,0,0,0,0,0,0,1,0,0,0
1,0,40.82749901608568,-73.97980270499231,13,1,8,1,18,3,22,1,1,18,0,1,0,0,0,0,0,0,0,1,0,0,0
0,1,40.689883,-73.979793,15,15,15,0,20,5,21,0,1,19,1,0,0,0,0,0,0,0,0,1,0,0,0
0,0,40.754253,-73.97821,4,4,4,0,24,0,13,0,1,3,0,1,0,0,0,0,1,0,0,0,1,0,0
0,2,40.816951,-73.929876,5,5,5,0,22,0,16,1,1,17,0,0,0,0,0,0,0,0,0,1,0,0,0
1,2,40.63090617618175,-74.02939256844186,33,4,4,0,5,0,14,2,1,17,1,0,0,0,0,0,0,0,1,0,0,0,0
0,0,40.767766,-73.773147,8,8,8,0,0,0,43,0,0,2,0,0,1,0,0,0,0,1,0,0,1,0,0
1,2,40.74835657644292,-74.06897678798076,7,6,7,0,2,5,20,2,1,17,0,1,0,0,1,0,0,0,0,0,0,0,0
0,1,40.862326,-73.929553,9,9,9,0,21,0,17,0,1,19,0,1,0,0,0,0,1,0,0,0,0,0,0
0,1,40.816951,-73.929876,2,2,2,0,9,4,25,0,0,19,0,0,0,0,0,0,0,0,0,1,0,0,0
0,0,40.573621,-73.996127,12,12,12,1,21,0,18,0,0,18,1,0,0,0,1,0,0,0,0,0,1,0,0
0,1,40.755641,-73.975109,92,92,92,0,15,0,12,0,1,19,0,1,0,0,0,0,0,0,0,1,0,0,0
0,1,40.833131,-73.914027,7,7,7,0,7,8,15,0,0,19,0,0,0,0,0,0,0,0,0,1,0,0,0
1,1,40.71397853823818,-74.02934837989984,41,3,4,0,26,3,17,1,1,19,0,1,0,0,0,0,0,0,0,1,0,0,0
0,0,40.763249,-73.792475,8,8,8,0,11,0,16,0,0,2,0,0,1,0,1,0,0,0,0,0,1,0,0
0,1,40.676339,-74.014075,18,18,18,1,20,0,21,0,0,18,1,0,0,0,0,0,0,0,0,1,0,0,0
0,1,40.756648,-73.974358,138,138,138,1,23,0,17,0,1,18,0,1,0,0,1,0,0,0,0,0,0,0,0
0,1,40.806511,-73.942179,4,4,4,0,2,0,24,0,0,19,0,1,0,0,0,0,0,0,0,1,0,0,0
1,1,40.76484978564414,-73.77464478452063,6,8,3,1,-11,1,8,1,1,19,0,0,1,0,0,0,1,0,0,0,0,0,0
0,0,40.562848,-74.100712,3,3,3,1,-3,1,5,0,0,17,0,0,0,1,1,0,0,0,0,0,1,0,0
0,0,40.719292,-73.997172,2,2,2,0,9,28,48,0,0,18,0,1,0,0,0,0,1,0,0,0,1,0,0
0,2,40.695423,-73.95353,14,14,14,0,-4,0,26,1,1,18,1,0,0,0,0,0,0,0,0,1,0,0,0
0,1,40.771378,-73.959402,8,8,8,1,18,0,20,0,1,18,0,1,0,0,0,0,0,0,0,1,0,0,0
0,1,40.654576,-73.867067,5,5,5,1,6,27,47,0,1,18,1,0,0,0,0,0,1,0,0,0,0,0,0
1,2,40.56731600663656,-74.17742977588313,3,3,2,0,7,0,13,2,1,2,0,0,0,0,0,0,1,0,0,0,0,0,0
0,1,40.675235,-73.904872,2,2,2,0,18,0,14,0,1,17,1,0,0,0,0,0,1,0,0,0,0,0,0
0,0,40.59738,-74.090833,16,16,16,0,23,0,23,0,1,18,0,0,0,1,0,0,0,0,0,0,1,0,0
0,0,40.68763,-73.980608,9,7,7,0,20,2,18,0,1,18,1,0,0,0,0,0,1,0,0,0,0,0,1
0,1,40.739918,-73.947213,4,4,4,0,0,0,10,0,1,19,0,0,1,0,0,0,0,0,0,1,0,0,0
0,1,40.772632,-73.952462,3,3,3,0,21,0,29,0,1,19,0,1,0,0,0,0,1,0,0,0,0,0,0
0,0,40.753481,-74.00432,5,5,5,0,18,3,12,0,0,19,0,1,0,0,0,0,1,0,0,0,0,1,0
0,1,40.769267,-73.951995,9,9,9,0,1,0,21,0,0,19,0,1,0,0,0,0,1,0,0,0,0,0,0
0,1,40.751719,-73.933283,6,6,6,0,4,0,44,0,1,19,0,0,1,0,0,0,1,0,0,0,0,0,0
1,1,40.79441311894298,-73.90041069445526,38,9,1,0,21,0,13,1,1,17,0,0,0,0,1,0,0,0,0,0,0,0,0
0,1,40.747551,-73.94113,2,2,2,0,14,1,19,0,1,18,0,0,1,0,0,0,0,0,0,1,0,0,0
0,0,40.764727,-73.978142,5,5,5,0,-2,2,16,0,1,18,0,1,0,0,0,1,0,0,0,0,1,0,0
0,0,40.728055,-73.980885,2,2,2,0,9,0,26,0,1,17,0,1,0,0,0,0,0,1,0,0,1,0,0
0,1,40.841827,-73.842073,6,6,6,1,18,0,12,0,1,19,0,0,0,0,1,0,0,0,0,0,0,0,0
1,2,40.643566804990506,-74.20901039537299,27,3,1,0,16,4,14,2,1,19,0,1,0,0,0,0,0,0,0,1,0,0,0
0,0,40.772846,-73.958332,5,5,5,0,29,6,28,0,1,17,0,1,0,0,1,0,0,0,0,0,1,0,0
0,1,40.84647,-73.916753,8,8,8,1,18,8,18,0,0,19,0,0,0,0,0,0,0,0,0,1,0,0,0
0,1,40.748365,-73.944557,22,22,22,1,4,0,21,0,1,18,0,0,1,0,0,0,0,0,0,1,0,0,0
0,1,40.740581,-73.978925,2,2,2,1,8,0,14,0,1,18,0,1,0,0,0,0,0,0,0,1,0,0,0
1,0,40.72136179144078,-73.82185108163858,26,7,5,0,17,1,39,1,1,19,0,0,1,0,1,0,0,0,0,0,0,0,0
0,1,40.764613,-73.97024,74,74,74,0,18,0,22,0,0,19,0,1,0,0,0,0,0,0,0,1,0,0,0
0,1,40.669906,-73.913755,1,1,1,1,1,1,15,0,1,18,1,0,0,0,0,0,1,0,0,0,1,0,0
0,1,40.764225,-73.982391,1,1,1,0,8,0,11,0,1,19,0,1,0,0,0,0,0,0,0,1,1,0,0
0,1,40.705914,-74.008609,118,118,118,0,13,0,18,0,1,18,0,1,0,0,0,0,0,0,0,1,0,0,0
0,1,40.578698,-73.83655,12,12,12,0,23,1,14,0,1,18,0,0,1,0,0,0,1,0,0,0,0,0,0
1,2,40.59002302341078,-73.85667944142315,44,9,9,0,14,6,11,2,1,18,0,1,0,0,1,0,0,0,0,0,0,0,0
0,1,40.789066,-73.974266,3,3,3,1,21,9,13,0,0,18,0,1,0,0,0,0,1,0,0,0,0,0,0
1,0,40.76922069992821,-74.00770119142042,37,4,1,0,6,0,15,1,1,17,0,0,0,0,0,0,1,0,0,0,0,0,0
0,1,40.711909,-74.005843,33,33,33,0,22,3,16,0,0,19,0,1,0,0,0,0,0,0,0,1,0,0,0
0,1,40.714529,-74.015677,237,237,237,0,16,0,12,0,1,19,0,1,0,0,0,0,0,0,0,1,0,0,0
0,1,40.752027,-73.939299,10,10,10,1,6,0,14,0,1,18,0,0,1,0,0,0,1,0,0,0,0,0,0
0,0,40.668525,-73.94329,32,32,32,1,4,29,63,0,0,17,1,0,0,0,0,0,0,0,0,0,1,0,0
0,1,40.741786,-73.995933,15,15,15,1,25,10,19,0,0,19,0,1,0,0,1,0,0,0,0,0,0,0,1
0,1,40.678027,-73.986657,6,6,6,0,22,9,20,0,1,18,1,0,0,0,0,0,0,0,0,1,0,0,0
0,0,40.754425,-73.965487,1,1,1,1,12,0,28,0,0,18,0,1,0,0,0,0,1,0,0,0,1,0,0
1,2,40.79593376419256,-74.09298123955192,28,5,1,0,-2,9,21,2,1,19,0,0,0,1,1,0,0,0,0,0,0,0,0
1,1,40.70236175859605,-73.81240579211637,12,3,2,1,8,4,24,1,1,18,0,0,0,1,0,0,0,0,0,1,0,0,0
0,0,40.757301,-73.987883,24,24,24,1,-2,0,19,0,0,2,0,1,0,0,0,0,0,1,0,0,1,0,0
0,1,40.863086,-73.896642,4,4,4,0,3,0,18,0,0,19,0,0,0,0,0,0,0,0,0,1,0,0,0
0,0,40.597449,-74.090804,3,3,3,1,23,0,23,0,0,18,0,0,0,1,0,0,0,0,0,0,1,0,0
1,0,40.88474691374667,-74.21899985739931,41,1,1,0,4,4,30,1,1,19,1,0,0,0,0,0,0,0,1,0,0,0,0
0,1,40.780061,-73.901942,16,16,16,0,25,0,29,0,1,17,0,0,1,0,0,0,0,0,0,1,0,0,0
0,0,40.871394,-73.863939,33,33,33,1,25,22,13,0,0,17,0,0,0,0,0,0,1,0,0,0,1,0,0
0,1,40.763113,-73.920875,1,1,1,1,21,0,12,0,1,18,0,0,1,0,0,0,0,0,0,1,0,0,0
1,2,40.84331989820708,-73.85822971327211,46,6,6,1,18,0,32,2,1,17,0,0,0,1,0,0,1,0,0,0,0,0,0
0,1,40.749882,-73.949205,9,7,7,0,-11,0,8,0,0,17,0,0,1,0,0,0,1,0,0,0,0,0,0
0,1,40.823427,-73.887057,6,6,6,1,27,0,26,0,1,18,0,0,0,0,0,0,0,0,0,1,0,0,0
0,0,40.73072,-73.821146,4,4,4,0,7,7,31,0,0,17,0,0,1,0,0,0,0,0,0,0,1,0,0
0,0,40.69214,-73.984628,9,9,9,1,6,0,21,0,1,19,1,0,0,0,1,0,0,0,0,0,1,0,0
0,1,40.847472,-73.903209,16,16,16,1,22,1,22,0,1,18,0,0,0,0,0,0,0,0,0,1,0,0,0
0,1,40.755734,-73.994607,12,12,12,1,8,0,22,0,1,3,0,1,0,0,0,0,1,0,0,0,0,0,0
0,1,40.67453,-74.007769,1,1,1,0,22,0,8,0,0,19,1,0,0,0,0,0,1,0,0,0,0,0,0
0,1,40.747551,-73.94113,2,2,2,0,9,3,25,0,1,19,0,0,1,0,0,0,0,0,0,1,0,0,0
0,1,40.751394,-73.986635,11,11,11,0,26,0,15,0,1,3,0,1,0,0,0,0,1,0,0,0,0,0,0
0,1,40.741865,-73.989365,112,112,112,0,-1,0,15,0,0,18,0,1,0,0,0,0,1,0,0,0,0,0,0
0,1,40.731774,-73.9604,8,8,8,0,8,0,13,0,1,19,1,0,0,0,0,0,1,0,0,0,0,0,0
1,1,40.82040445801622,-73.93264250495967,48,1,4,0,14,12,14,1,1,19,1,0,0,0,0,0,0,0,0,1,0,0,0
0,0,40.621982,-73.975487,1,1,1,1,17,0,24,0,0,17,1,0,0,0,0,0,1,0,0,0,0,0,1
0,0,40.755641,-73.975109,92,92,92,0,6,0,24,0,1,2,0,1,0,0,0,1,0,0,0,0,1,0,0
0,1,40.847472,-73.903209,16,16,16,1,1,0,18,0,1,19,0,0,0,0,1,0,0,0,0,0,0,0,0
0,0,40.700435,-73.919511,5,5,5,0,9,0,24,0,0,18,1,0,0,0,0,0,1,0,0,0,1,0,0
0,1,40.896116,-73.896761,13,13,13,1,19,3,13,0,0,19,0,0,0,0,0,0,0,0,0,0,0,0,0
1,1,40.67476304062524,-74.18044630802932,49,8,4,1,26,2,19,1,1,19,0,1,0,0,0,0,0,0,1,0,0,0,0
1,1,40.764121288987006,-74.0054249609344,32,3,2,1,3,16,25,1,1,19,0,0,1,0,1,0,0,0,0,0,0,0,0
0,1,40.762204,-73.974536,2,2,2,0,15,7,27,0,0,18,0,1,0,0,0,0,1,0,0,0,0,0,0
0,1,40.835014,-73.945222,21,21,21,1,19,0,11,0,1,17,0,1,0,0,0,0,0,0,0,1,0,0,0
0,1,40.57543,-73.98995,11,11,11,1,2,0,20,0,0,19,1,0,0,0,0,0,0,0,0,1,0,0,0
0,0,40.880659,-73.919151,4,4,4,0,21,0,23,0,0,17,0,0,0,0,1,0,0,0,0,0,1,0,0
0,0,40.82741,-73.938587,9,7,7,0,8,43,16,0,1,19,0,1,0,0,0,0,1,0,0,0,1,0,0
0,0,40.76438,-73.828871,9,9,9,0,21,0,21,0,1,3,0,0,1,0,0,0,1,0,0,0,1,0,0
0,1,40.776048,-73.932284,1,1,1,1,-4,0,19,0,1,19,0,0,1,0,1,0,0,0,0,0,0,0,0
0,2,40.625671,-73.998253,1,1,1,1,25,0,21,1,0,19,1,0,0,0,0,0,0,0,0,1,0,0,0
1,0,40.79030073481056,-74.05837184749197,3,6,5,1,4,6,24,1,1,19,0,0,1,0,0,0,0,0,0,1,0,0,0
0,0,40.680708,-73.985308,2,2,2,0,7,28,32,0,1,3,1,0,0,0,0,1,0,0,0,0,1,0,0
0,0,40.779339,-73.955714,17,17,17,1,-6,0,10,0,1,18,0,1,0,0,0,0,1,0,0,0,1,0,0
1,1,40.82689237543135,-74.02508416997972,33,9,1,0,19,0,2,1,1,19,0,1,0,0,0,0,0,0,0,1,0,0,0
0,1,40.693565,-73.988908,150,150,150,0,24,3,21,0,0,19,1,0,0,0,1,0,0,0,0,0,0,0,0
0,1,40.698868,-73.806824,3,3,3,0,0,0,15,0,0,18,0,0,1,0,0,0,1,0,0,0,0,0,0
0,1,40.60659,-73.750419,1,1,1,1,3,0,24,0,1,19,0,0,1,0,0,0,1,0,0,0,0,0,0
0,1,40.79267,-73.971386,10,10,10,1,17,0,14,0,0,17,0,1,0,0,0,0,0,0,0,1,0,0,0
0,0,40.75477,-73.898637,16,16,16,1,9,0,20,0,0,18,0,0,1,0,0,0,0,0,0,0,1,0,0
0,1,40.659964,-74.003114,1,1,1,1,18,0,19,0,0,17,1,0,0,0,0,0,1,0,0,0,0,1,0
1,2,40.687616491809166,-73.966961969069,3,2,8,1,9,0,16,2,1,18,1,0,0,0,0,0,0,0,0,1,0,0,0
1,2,40.76253677077479,-73.92355840121445,20,6,5,1,25,14,20,2,1,17,1,0,0,0,0,0,0,0,0,1,0,0,0
0,1,40.758393,-73.981537,259,259,259,0,21,2,15,0,1,18,0,1,0,0,0,0,1,0,0,0,0,0,0
0,0,40.660672,-73.995343,9,9,9,1,30,0,12,0,0,17,1,0,0,0,0,1,0,0,0,0,1,0,0
0,1,40.772632,-73.952462,1,1,1,1,13,10,39,0,1,18,0,1,0,0,0,0,1,0,0,0,0,0,0
0,1,40.757978,-73.979783,27,27,27,0,4,2,15,0,1,19,0,1,0,0,0,0,0,0,0,1,0,0,0
0,1,40.779168,-73.954779,35,35,35,0,3,0,23,0,0,18,0,1,0,0,0,0,0,0,0,1,0,0,0
0,1,40.703756,-73.986309,7,7,7,0,21,0,33,0,0,19,1,0,0,0,0,0,0,0,0,1,0,0,0
1,0,40.847599442463405,-73.84656412151719,8,9,5,0,9,8,13,1,1,19,0,1,0,0,0,0,0,0,1,0,0,0,0
0,0,40.698807,-73.941194,1,1,1,0,15,0,21,0,0,18,1,0,0,0,0,0,1,0,0,0,1,0,0
0,1,40.597179,-73.971344,4,4,4,0,-3,1,16,0,0,19,1,0,0,0,0,0,0,0,0,1,0,0,0
0,1,40.735668,-73.957396,15,15,15,1,-5,0,6,0,1,19,1,0,0,0,0,0,0,0,0,1,0,0,0
0,1,40.85113,-73.909771,9,7,7,0,7,8,15,0,0,19,0,0,0,0,1,0,0,0,0,0,0,0,0
1,2,40.87922017005592,-74.1643904231831,17,1,9,0,6,0,33,2,1,3,0,0,0,0,0,0,1,0,0,0,0,0,0
0,0,40.766168,-73.778401,1,1,1,1,-3,0,19,0,0,19,0,0,1,0,0,0,1,0,0,0,1,0,0
0,1,40.745817,-73.972016,18,18,18,0,21,0,32,0,1,18,0,1,0,0,0,0,0,0,0,1,0,0,0
0,1,40.772632,-73.952462,9,7,7,0,7,0,24,0,1,3,0,1,0,0,0,0,1,0,0,0,0,0,0
0,1,40.860335,-73.895537,9,7,7,0,15,0,11,0,0,19,0,0,0,0,0,0,1,0,0,0,0,0,0
0,0,40.634997,-74.137798,1,1,1,1,14,0,17,0,0,19,0,0,0,1,0,0,1,0,0,0,1,0,0
0,1,40.677654,-73.995064,2,2,2,0,21,0,15,0,1,18,1,0,0,0,0,0,0,0,0,1,0,0,0
0,1,40.822051,-73.874919,6,6,6,0,5,0,21,0,0,17,0,0,0,0,0,0,0,0,0,1,0,0,0
0,1,40.724705,-74.002782,4,4,4,0,18,0,20,0,1,19,0,1,0,0,0,0,1,0,0,0,0,0,0
0,1,40.735668,-73.957396,15,15,15,1,18,0,20,0,1,18,1,0,0,0,0,0,0,0,0,1,0,0,0
0,1,40.751493,-73.984011,22,22,22,0,2,0,10,0,0,19,0,1,0,0,0,0,0,0,0,1,0,0,0
0,1,40.883024,-73.833249,10,10,10,1,9,0,14,0,0,19,0,0,0,0,0,0,1,0,0,0,0,0,0
0,1,40.703817,-73.963374,7,7,7,0,20,17,10,0,1,17,1,0,0,0,0,0,0,0,0,1,0,0,0
0,0,40.635889,-73.986013,2,2,2,1,26,0,27,0,0,19,1,0,0,0,1,0,0,0,0,0,1,0,0
0,1,40.689883,-73.979793,15,15,15,0,4,0,17,0,1,18,1,0,0,0,0,0,1,0,0,0,0,0,0
1,0,40.68883806653963,-74.184681403905,40,5,9,0,23,0,15,1,1,18,0,1,0,0,1,0,0,0,0,0,0,0,0
0,1,40.771378,-73.959402,4,4,4,1,-3,0,23,0,1,18,0,1,0,0,0,0,0,0,0,1,0,0,0
0,1,40.775322,-73.960169,29,29,29,1,-2,1,15,0,1,19,0,1,0,0,0,0,0,0,0,1,0,0,0
0,1,40.680609,-73.952845,15,15,15,0,16,0,27,0,1,19,1,0,0,0,0,0,0,0,0,1,0,0,0
0,0,40.683006,-73.962733,9,7,7,0,22,0,16,0,0,18,1,0,0,0,0,0,1,0,0,0,1,0,0
0,1,40.763381,-73.971551,96,96,96,0,7,0,24,0,1,3,0,1,0,0,0,0,0,1,0,0,0,0,0
0,0,40.719651,-73.91119,3,3,3,0,-2,0,13,0,0,19,0,0,1,0,0,0,1,0,0,0,1,0,0
0,0,40.563129,-74.099439,1,1,1,1,14,0,28,0,0,18,0,0,0,1,0,0,0,1,0,0,1,0,0
0,1,40.706114,-74.01126,41,41,41,1,17,0,14,0,0,18,0,1,0,0,0,0,1,0,0,0,0,0,0
0,1,40.712706,-73.967694,24,24,24,1,28,1,30,0,0,17,1,0,0,0,0,0,0,0,0,1,0,0,0
0,1,40.680609,-73.952845,15,15,15,0,17,0,18,0,1,19,1,0,0,0,0,1,0,0,0,0,0,0,0
0,0,40.694109,-73.965114,2,2,2,1,21,5,14,0,0,3,1,0,0,0,0,0,1,0,0,0,1,0,0
0,1,40.707947,-73.968433,3,3,3,0,18,0,25,0,1,19,1,0,0,0,1,0,0,0,0,0,0,0,0
0,0,40.518671,-74.240136,12,12,12,0,2,1,36,0,0,17,0,0,0,1,0,0,0,1,0,0,0,0,1
0,1,40.786594,-73.976488,8,8,8,1,13,2,27,0,1,17,0,1,0,0,0,0,0,0,0,1,0,0,0
0,0,40.783767,-73.975774,16,16,16,1,20,0,14,0,1,18,0,1,0,0,0,0,1,0,0,0,1,0,0
0,0,40.763909,-73.98021,5,5,5,1,5,7,42,0,0,19,0,1,0,0,1,0,0,0,0,0,1,0,0
0,1,40.654576,-73.867067,5,5,5,1,4,3,16,0,1,18,1,0,0,0,0,0,0,0,0,1,0,0,0
0,0,40.59724,-73.965377,12,12,12,1,24,7,25,0,0,19,1,0,0,0,0,0,0,0,0,0,1,0,0
0,1,40.595204,-73.782638,8,8,8,1,2,0,15,0,1,19,0,0,1,0,0,0,0,0,0,1,0,0,0
0,1,40.720822,-73.980602,17,17,17,1,27,0,15,0,0,18,0,1,0,0,0,0,0,0,0,1,0,0,0
0,0,40.638003,-74.003376,1,1,1,1,22,0,37,0,1,3,1,0,0,0,0,0,0,1,0,0,1,0,0
0,1,40.645445,-73.951918,7,7,7,0,3,2,16,0,0,19,1,0,0,0,0,0,0,0,0,1,0,0,0
0,0,40.7527,-73.930709,2,2,2,0,0,0,13,0,1,19,0,0,1,0,1,0,0,0,0,0,1,0,0
0,1,40.754421,-73.980213,8,8,8,0,6,0,20,0,1,19,0,1,0,0,1,0,0,0,0,0,0,0,0
0,1,40.654028,-73.877779,6,6,6,1,24,2,23,0,0,19,1,0,0,0,0,0,0,0,0,1,0,0,0
1,2,40.55328245554113,-74.07540966556535,30,2,4,1,-6,3,10,2,1,18,0,1,0,0,0,0,1,0,0,0,0,0,0
0,1,40.794723,-73.973581,15,15,15,1,10,23,20,0,1,19,0,1,0,0,0,0,1,0,0,0,0,0,0
0,1,40.760857,-73.979717,328,328,328,0,-4,0,31,0,0,19,0,1,0,0,0,0,0,0,0,1,0,0,0
1,1,40.87513372887052,-74.17104582026212,10,7,1,0,16,3,26,1,1,19,0,0,0,0,0,0,1,0,0,0,0,0,0
0,0,40.597763,-74.101705,9,7,7,0,6,24,48,0,0,18,0,0,0,1,0,0,1,0,0,0,1,0,0
0,1,40.869835,-73.89874,7,7,7,0,18,0,16,0,0,19,0,0,0,0,0,0,1,0,0,0,0,0,0
0,1,40.87181,-73.89161,8,8,8,1,12,0,16,0,0,19,0,0,0,0,0,0,1,0,0,0,0,0,0
0,0,40.772632,-73.952462,2,2,2,0,17,2,12,0,1,19,0,1,0,0,0,0,1,0,0,0,1,0,0
0,0,40.607681,-74.010999,15,15,15,1,1,0,20,0,0,17,1,0,0,0,0,0,0,0,0,0,1,0,0
0,1,40.658893,-73.942458,20,20,20,0,6,1,35,0,0,18,1,0,0,0,0,0,1,0,0,0,0,0,0
0,1,40.721627,-73.984307,4,4,4,0,18,0,24,0,1,19,0,1,0,0,0,0,0,0,0,1,0,0,0
0,0,40.668935,-73.958743,4,4,4,0,9,7,23,0,0,17,1,0,0,0,0,0,1,0,0,0,1,0,0
0,1,40.677917,-73.988488,4,4,4,0,4,0,28,0,1,18,1,0,0,0,0,1,0,0,0,0,0,0,0
0,0,40.706187,-73.904225,9,7,7,0,16,0,19,0,0,2,0,0,1,0,0,0,1,0,0,0,1,0,0
0,1,40.707373,-73.968411,3,3,3,0,23,24,20,0,1,19,1,0,0,0,0,0,0,0,0,1,0,0,0
0,1,40.745131,-73.986957,143,143,143,1,18,3,12,0,0,19,0,1,0,0,0,0,1,0,0,0,0,0,0
0,1,40.721627,-73.984307,1,1,1,1,6,0,20,0,1,19,0,1,0,0,0,0,1,0,0,0,0,0,0
0,1,40.6365,-74.01928,1,1,1,0,8,3,22,0,1,19,1,0,0,0,1,0,0,0,0,0,0,0,0
0,1,40.745817,-73.972016,18,18,18,0,0,0,20,0,1,19,0,1,0,0,0,0,0,0,0,1,0,0,0
0,1,40.676183,-73.892876,2,2,2,0,24,0,14,0,1,19,1,0,0,0,0,0,0,0,0,1,0,0,0
0,1,40.576271,-73.982552,21,21,21,1,5,0,22,0,0,17,1,0,0,0,0,0,1,0,0,0,0,0,0
0,1,40.681608,-73.980192,3,3,3,1,-1,0,26,0,0,17,1,0,0,0,0,0,1,0,0,0,0,0,0
0,1,40.705189,-74.011505,124,124,124,0,0,27,25,0,1,17,0,1,0,0,0,0,0,0,0,1,0,0,0
0,2,40.731774,-73.9604,1,1,1,0,22,0,8,1,1,18,1,0,0,0,0,0,0,0,0,1,0,0,0
0,1,40.5873,-73.952133,7,7,7,1,22,0,27,0,0,19,1,0,0,0,0,0,0,0,0,1,0,0,0
0,0,40.741822,-73.965787,9,7,7,0,13,0,18,0,0,19,0,0,0,1,0,0,0,1,0,0,1,0,0
0,0,40.645513,-73.96332,4,4,4,0,9,34,31,0,0,18,1,0,0,0,0,0,0,1,0,0,1,0,0
0,1,40.688896,-73.989969,45,45,45,0,12,0,17,0,1,19,1,0,0,0,0,0,0,0,0,1,0,0,0
0,1,40.772885,-73.979865,39,39,39,1,8,0,19,0,1,18,0,1,0,0,0,0,0,0,0,1,0,0,0
1,1,40.645364213157286,-74.15704086650398,37,9,4,1,8,0,19,1,1,19,0,0,1,0,0,0,0,0,1,0,0,0,0
0,1,40.839928,-73.94254,61,61,61,0,19,0,15,0,1,19,0,1,0,0,0,0,1,0,0,0,0,0,0
0,1,40.723485,-73.84849,13,13,13,1,2,0,19,0,0,19,0,0,1,0,0,0,0,0,0,1,0,0,0
0,1,40.772632,-73.952462,3,3,3,0,1,0,30,0,1,18,0,1,0,0,1,0,0,0,0,0,0,0,0
1,1,40.69484832024198,-73.8190085638343,25,2,9,1,15,1,15,1,1,17,0,0,0,0,1,0,0,0,0,0,0,0,0
0,1,40.748112,-73.938769,16,16,16,0,20,0,17,0,1,3,0,0,1,0,0,0,1,0,0,0,0,0,0
0,0,40.712508,-73.951729,9,7,7,0,14,1,12,0,0,3,1,0,0,0,0,0,0,1,0,0,1,0,0
0,1,40.755641,-73.975109,92,92,92,0,4,0,16,0,1,19,0,1,0,0,0,0,0,0,0,1,0,0,0
0,1,40.69214,-73.984628,9,9,9,1,25,0,36,0,1,17,1,0,0,0,0,0,1,0,0,0,0,0,0
1,1,40.844360931421775,-74.23910571223145,33,4,2,0,10,4,12,1,1,18,0,0,0,1,1,0,0,0,0,0,0,0,0
0,1,40.75233,-73.984076,10,10,10,0,15,0,13,0,0,18,0,1,0,0,1,0,0,0,0,0,0,0,0
0,1,40.860843,-73.889744,26,26,26,0,23,0,13,0,0,19,0,0,0,0,0,0,0,0,0,1,0,0,0
0,1,40.824029,-73.843362,9,7,7,0,15,0,11,0,1,19,0,0,0,0,0,0,0,0,0,1,0,0,0
0,1,40.655503,-73.948826,2,2,2,0,16,13,13,0,1,2,1,0,0,0,0,0,1,0,0,0,0,0,0
0,0,40.759417,-73.98319,9,9,9,0,25,32,16,0,0,17,0,1,0,0,1,0,0,0,0,0,1,0,0
0,1,40.757406,-74.000787,24,24,24,0,15,3,25,0,1,19,0,1,0,0,0,0,0,0,0,1,0,0,0
0,1,40.750214,-73.973108,133,133,133,0,0,0,23,0,1,19,0,1,0,0,0,0,0,0,0,1,0,0,0
0,1,40.794317,-73.94327,2,2,2,0,20,7,17,0,0,19,0,1,0,0,0,0,0,0,0,1,0,0,0
0,1,40.757406,-74.000787,24,24,24,0,16,0,11,0,1,19,0,1,0,0,0,0,0,0,0,1,0,0,0
1,0,40.756545,-73.935047,34,34,34,1,-1,0,17,1,0,19,0,0,1,0,0,0,0,0,0,1,0,0,0
0,0,40.750214,-73.973108,133,133,133,0,27,0,17,0,1,19,0,1,0,0,1,0,0,0,0,0,1,0,0
0,1,40.705427,-73.951825,2,2,2,0,8,0,14,0,1,18,1,0,0,0,0,0,0,0,0,1,0,0,0
0,1,40.780356,-73.959754,37,37,37,1,-1,0,20,0,0,17,0,1,0,0,0,0,0,0,0,1,0,0,0
1,1,40.79861702866439,-73.8978993053276,45,2,7,0,14,0,12,1,1,18,0,0,0,0,0,0,0,0,0,1,0,0,0
0,1,40.763592,-73.961703,14,14,14,1,17,0,14,0,0,18,0,1,0,0,0,0,0,0,0,1,0,0,0
0,1,40.764454,-73.972871,125,125,125,1,6,3,9,0,1,18,0,1,0,0,0,0,0,1,0,0,0,0,0
1,2,40.72200130012826,-73.99634875200297,11,8,8,1,25,0,14,2,1,18,1,0,0,0,0,0,0,0,0,1,0,0,0
0,2,40.737213,-73.996958,8,8,8,0,-4,1,5,1,0,17,0,1,0,0,0,0,1,0,0,0,0,0,0
0,1,40.845895,-73.89852,5,5,5,1,23,0,16,0,0,17,0,0,0,0,0,0,0,0,0,1,0,0,0
0,0,40.782362,-73.98084,35,35,35,1,19,0,17,0,0,19,0,1,0,0,1,0,0,0,0,0,0,0,1
1,0,40.681356,-73.892698,2,2,2,0,18,0,11,1,0,17,1,0,0,0,0,0,1,0,0,0,0,0,0
0,0,40.772885,-73.979865,39,39,39,1,23,33,27,0,1,19,0,1,0,0,0,0,1,0,0,0,1,0,0
0,1,40.753677,-73.918732,4,4,4,0,0,0,36,0,0,19,0,0,1,0,0,0,0,0,0,1,0,0,0
0,1,40.724705,-74.002782,8,8,8,1,-4,0,19,0,1,19,0,1,0,0,0,0,1,0,0,0,0,0,0
0,0,40.629859,-73.997503,8,8,8,0,10,9,27,0,0,2,1,0,0,0,0,0,1,0,0,0,1,0,0
0,1,40.755474,-73.994799,29,29,29,1,10,0,22,0,1,3,0,1,0,0,0,0,0,0,0,1,0,0,0
0,1,40.6365,-74.01928,1,1,1,0,26,1,30,0,1,19,1,0,0,0,0,0,0,0,0,1,0,1,0
0,5,40.864118,-73.916764,2,2,2,0,3,31,49,2,1,17,0,1,0,0,0,1,0,0,0,0,0,0,0
0,0,40.793971,-73.942403,5,5,5,0,6,0,12,0,1,19,0,1,0,0,0,1,0,0,0,0,1,0,0
0,1,40.716715,-74.000346,3,3,3,0,17,0,15,0,0,19,0,1,0,0,0,0,0,0,0,1,0,0,0
1,0,40.61503517122612,-73.91612339027328,27,8,9,1,14,8,25,1,1,18,0,0,0,1,0,0,1,0,0,0,0,0,0
0,0,40.776956,-73.915371,22,22,22,1,17,0,23,0,0,19,0,0,1,0,0,0,1,0,0,0,1,0,0
0,1,40.771548,-73.958849,37,37,37,1,21,0,14,0,1,18,0,1,0,0,0,0,0,0,0,1,0,0,0
1,1,40.74899743154459,-74.17385080488923,42,6,7,0,21,11,14,1,1,2,0,1,0,0,0,0,0,0,0,1,0,0,0
0,1,40.721351,-73.99908,13,13,13,0,16,3,21,0,0,17,0,1,0,0,0,0,0,0,0,1,0,0,0
0,1,40.811232,-73.936648,4,4,4,1,18,0,15,0,0,19,0,1,0,0,0,0,1,0,0,0,0,0,0
0,1,40.665392,-73.959888,8,8,8,0,23,0,14,0,0,17,1,0,0,0,0,0,1,0,0,0,0,0,0
0,1,40.755641,-73.975109,92,92,92,0,16,7,15,0,1,18,0,1,0,0,1,0,0,0,0,0,0,0,0
0,1,40.74817,-73.938805,34,34,34,0,25,3,7,0,1,18,0,0,1,0,0,0,0,0,0,1,0,0,0
0,1,40.687759,-73.982898,34,34,34,1,18,0,19,0,1,17,1,0,0,0,0,0,1,0,0,0,0,0,0
1,2,40.78165095938087,-73.93213199590349,10,5,9,1,-4,4,10,2,1,18,0,0,1,0,0,0,0,0,0,1,0,0,0
0,0,40.731774,-73.9604,17,17,17,0,17,0,19,0,1,18,1,0,0,0,1,0,0,0,0,0,1,0,0
0,0,40.656994,-74.002811,1,1,1,0,19,0,17,0,0,19,1,0,0,0,0,0,1,0,0,0,1,0,0
1,0,40.74731934880967,-74.06158825320828,3,4,6,0,2,0,17,1,1,17,0,1,0,0,1,0,0,0,0,0,0,0,0
0,1,40.732621,-73.991232,21,21,21,1,17,0,16,0,0,17,0,1,0,0,0,0,0,0,0,1,0,0,0
0,0,40.670372,-74.003947,12,12,12,1,16,0,13,0,1,18,1,0,0,0,0,0,1,0,0,0,1,0,0
0,1,40.808595,-73.949557,4,4,4,1,-2,2,17,0,1,18,0,1,0,0,0,0,0,0,0,1,0,0,0
0,1,40.756649,-73.921998,1,1,1,1,6,0,13,0,0,19,0,0,1,0,0,0,0,0,0,1,0,0,0
1,0,40.87716822827247,-73.88473881951057,5,7,8,0,11,12,30,1,1,18,0,0,0,1,0,0,1,0,0,0,0,0,0
0,0,40.750242,-73.973177,133,133,133,0,24,1,12,0,1,18,0,1,0,0,0,0,1,0,0,0,1,0,0
1,0,40.66838516389962,-73.80335892152456,45,4,4,1,11,1,33,1,1,18,0,0,0,1,0,0,0,0,1,0,0,0,0
